地区链接,地区
https://daxue.911cha.com/s_beijing.html,北京
https://daxue.911cha.com/s_tianjin.html,天津
https://daxue.911cha.com/s_hebei.html,河北
https://daxue.911cha.com/s_shanxi.html,山西
https://daxue.911cha.com/s_neimenggu.html,内蒙古
https://daxue.911cha.com/s_liaoning.html,辽宁
https://daxue.911cha.com/s_jilin.html,吉林
https://daxue.911cha.com/s_heilongjiang.html,黑龙江
https://daxue.911cha.com/s_shanghai.html,上海
https://daxue.911cha.com/s_jiangsu.html,江苏
https://daxue.911cha.com/s_zhejiang.html,浙江
https://daxue.911cha.com/s_anhui.html,安徽
https://daxue.911cha.com/s_fujian.html,福建
https://daxue.911cha.com/s_jiangxi.html,江西
https://daxue.911cha.com/s_shandong.html,山东
https://daxue.911cha.com/s_henan.html,河南
https://daxue.911cha.com/s_hubei.html,湖北
https://daxue.911cha.com/s_hunan.html,湖南
https://daxue.911cha.com/s_guangdong.html,广东
https://daxue.911cha.com/s_guangxi.html,广西
https://daxue.911cha.com/s_hainan.html,海南
https://daxue.911cha.com/s_chongqing.html,重庆
https://daxue.911cha.com/s_sichuan.html,四川
https://daxue.911cha.com/s_guizhou.html,贵州
https://daxue.911cha.com/s_yunnan.html,云南
https://daxue.911cha.com/s_xizang.html,西藏
https://daxue.911cha.com/s_shanxis.html,陕西
https://daxue.911cha.com/s_gansu.html,甘肃
https://daxue.911cha.com/s_qinghai.html,青海
https://daxue.911cha.com/s_ningxia.html,宁夏
https://daxue.911cha.com/s_xinjiang.html,新疆
https://daxue.911cha.com/s_xianggang.html,香港
