大学名称,大学详情页链接
北京大学,https://daxue.911cha.com/1.html
清华大学,https://daxue.911cha.com/2.html
中国人民大学,https://daxue.911cha.com/3.html
北京师范大学,https://daxue.911cha.com/24.html
北京航空航天大学,https://daxue.911cha.com/6.html
中国农业大学,https://daxue.911cha.com/18.html
北京协和医学院,https://daxue.911cha.com/21.html
北京理工大学,https://daxue.911cha.com/7.html
北京科技大学,https://daxue.911cha.com/8.html
北京交通大学,https://daxue.911cha.com/4.html
中国石油大学,https://daxue.911cha.com/765.html
北京化工大学,https://daxue.911cha.com/10.html
北京林业大学,https://daxue.911cha.com/20.html
中国政法大学,https://daxue.911cha.com/47.html
北京邮电大学,https://daxue.911cha.com/13.html
北京工业大学,https://daxue.911cha.com/5.html
首都医科大学,https://daxue.911cha.com/22.html
中央民族大学,https://daxue.911cha.com/46.html
首都师范大学,https://daxue.911cha.com/25.html
中央财经大学,https://daxue.911cha.com/31.html
北京中医药大学,https://daxue.911cha.com/23.html
对外经济贸易大学,https://daxue.911cha.com/32.html
北京外国语大学,https://daxue.911cha.com/27.html
首都经济贸易大学,https://daxue.911cha.com/34.html
北京语言大学,https://daxue.911cha.com/29.html
北京工商大学,https://daxue.911cha.com/11.html
北京建筑大学,https://daxue.911cha.com/15.html
北方工业大学,https://daxue.911cha.com/9.html
外交学院,https://daxue.911cha.com/35.html
国际关系学院,https://daxue.911cha.com/37.html
北京信息科技大学,https://daxue.911cha.com/719.html
北京联合大学,https://daxue.911cha.com/766.html
北京第二外国语学院,https://daxue.911cha.com/28.html
北京农学院,https://daxue.911cha.com/19.html
北京服装学院,https://daxue.911cha.com/12.html
中国青年政治学院,https://daxue.911cha.com/825.html
北京印刷学院,https://daxue.911cha.com/14.html
北京物资学院,https://daxue.911cha.com/33.html
北京电子科技学院,https://daxue.911cha.com/17.html
北京石油化工学院,https://daxue.911cha.com/16.html
首钢工学院,https://daxue.911cha.com/881.html
中国劳动关系学院,https://daxue.911cha.com/1006.html
中华女子学院,https://daxue.911cha.com/717.html
首都体育学院,https://daxue.911cha.com/26.html
中国传媒大学,https://daxue.911cha.com/30.html
中国人民公安大学,https://daxue.911cha.com/36.html
北京体育大学,https://daxue.911cha.com/38.html
中央音乐学院,https://daxue.911cha.com/39.html
中国音乐学院,https://daxue.911cha.com/40.html
中央美术学院,https://daxue.911cha.com/41.html
中央戏剧学院,https://daxue.911cha.com/42.html
中国戏曲学院,https://daxue.911cha.com/43.html
北京电影学院,https://daxue.911cha.com/44.html
北京舞蹈学院,https://daxue.911cha.com/45.html
北京工业职业技术学院,https://daxue.911cha.com/622.html
北京信息职业技术学院,https://daxue.911cha.com/624.html
北京电子科技职业学院,https://daxue.911cha.com/625.html
北京科技大学延庆分校,https://daxue.911cha.com/701.html
北京京北职业技术学院,https://daxue.911cha.com/702.html
北京交通职业技术学院,https://daxue.911cha.com/703.html
首都经济贸易大学密云分校,https://daxue.911cha.com/704.html
北京工业大学通州分校,https://daxue.911cha.com/705.html
北京城市学院,https://daxue.911cha.com/767.html
北京青年政治学院,https://daxue.911cha.com/826.html
北京农业职业学院,https://daxue.911cha.com/1003.html
北京经济管理职业学院,https://daxue.911cha.com/1004.html
北京政法职业学院,https://daxue.911cha.com/1005.html
北京财贸职业学院,https://daxue.911cha.com/1030.html
北京北大方正软件职业技术学院,https://daxue.911cha.com/1032.html
北京经贸职业学院,https://daxue.911cha.com/1033.html
北京经济技术职业学院,https://daxue.911cha.com/1034.html
北京戏曲艺术职业学院,https://daxue.911cha.com/1035.html
北京汇佳职业学院,https://daxue.911cha.com/1036.html
北京现代职业技术学院,https://daxue.911cha.com/1037.html
北京科技经营管理学院,https://daxue.911cha.com/1144.html
北京吉利大学,https://daxue.911cha.com/1210.html
首都师范大学科德学院,https://daxue.911cha.com/1721.html
北京工商大学嘉华学院,https://daxue.911cha.com/1722.html
北京科技职业学院,https://daxue.911cha.com/1790.html
北京培黎职业学院,https://daxue.911cha.com/1810.html
南开大学,https://daxue.911cha.com/48.html
天津大学,https://daxue.911cha.com/49.html
河北工业大学,https://daxue.911cha.com/70.html
天津医科大学,https://daxue.911cha.com/55.html
天津师范大学,https://daxue.911cha.com/57.html
天津中医药大学,https://daxue.911cha.com/56.html
天津工业大学,https://daxue.911cha.com/51.html
天津财经大学,https://daxue.911cha.com/61.html
天津科技大学,https://daxue.911cha.com/50.html
中国民航大学,https://daxue.911cha.com/52.html
天津理工大学,https://daxue.911cha.com/53.html
天津商业大学,https://daxue.911cha.com/60.html
天津城建大学,https://daxue.911cha.com/589.html
天津外国语大学,https://daxue.911cha.com/59.html
天津职业技术师范大学,https://daxue.911cha.com/58.html
天津农学院,https://daxue.911cha.com/54.html
天津体育学院,https://daxue.911cha.com/62.html
天津音乐学院,https://daxue.911cha.com/63.html
天津美术学院,https://daxue.911cha.com/64.html
天津天狮学院,https://daxue.911cha.com/626.html
天津职业大学,https://daxue.911cha.com/668.html
天津中德职业技术学院,https://daxue.911cha.com/932.html
天津滨海职业学院,https://daxue.911cha.com/1008.html
天津工程职业技术学院,https://daxue.911cha.com/1009.html
天津青年职业学院,https://daxue.911cha.com/1020.html
天津渤海职业技术学院,https://daxue.911cha.com/1131.html
天津电子信息职业技术学院,https://daxue.911cha.com/1132.html
天津机电职业技术学院,https://daxue.911cha.com/1133.html
天津现代职业技术学院,https://daxue.911cha.com/1134.html
天津公安警官职业学院,https://daxue.911cha.com/1135.html
天津轻工职业技术学院,https://daxue.911cha.com/1143.html
天津对外经济贸易职业学院,https://daxue.911cha.com/1197.html
天津国土资源和房屋职业学院,https://daxue.911cha.com/1211.html
天津开发区职业技术学院,https://daxue.911cha.com/1278.html
天津艺术职业学院,https://daxue.911cha.com/1279.html
天津交通职业学院,https://daxue.911cha.com/1280.html
河北工业大学城市学院,https://daxue.911cha.com/1681.html
天津外国语大学滨海外事学院,https://daxue.911cha.com/1747.html
天津体育学院运动与文化艺术学院,https://daxue.911cha.com/1748.html
天津商业大学宝德学院,https://daxue.911cha.com/1749.html
天津医科大学临床医学院,https://daxue.911cha.com/1750.html
南开大学滨海学院,https://daxue.911cha.com/1752.html
天津冶金职业技术学院,https://daxue.911cha.com/1787.html
天津石油职业技术学院,https://daxue.911cha.com/1788.html
天津城市职业学院,https://daxue.911cha.com/1789.html
华北电力大学,https://daxue.911cha.com/69.html
河北大学,https://daxue.911cha.com/65.html
燕山大学,https://daxue.911cha.com/174.html
河北师范大学,https://daxue.911cha.com/79.html
河北农业大学,https://daxue.911cha.com/75.html
河北医科大学,https://daxue.911cha.com/76.html
石家庄铁道大学,https://daxue.911cha.com/89.html
河北科技大学,https://daxue.911cha.com/72.html
河北联合大学,https://daxue.911cha.com/71.html
河北经贸大学,https://daxue.911cha.com/882.html
河北工程大学,https://daxue.911cha.com/66.html
石家庄经济学院,https://daxue.911cha.com/67.html
河北北方学院,https://daxue.911cha.com/77.html
北华航天工业学院,https://daxue.911cha.com/827.html
华北科技学院,https://daxue.911cha.com/707.html
承德医学院,https://daxue.911cha.com/78.html
唐山师范学院,https://daxue.911cha.com/82.html
唐山学院,https://daxue.911cha.com/669.html
廊坊师范学院,https://daxue.911cha.com/83.html
河北建筑工程学院,https://daxue.911cha.com/73.html
河北科技师范学院,https://daxue.911cha.com/590.html
石家庄学院,https://daxue.911cha.com/85.html
防灾科技学院,https://daxue.911cha.com/855.html
邯郸学院,https://daxue.911cha.com/86.html
邢台学院,https://daxue.911cha.com/87.html
河北金融学院,https://daxue.911cha.com/768.html
衡水学院,https://daxue.911cha.com/84.html
沧州师范学院,https://daxue.911cha.com/88.html
保定学院,https://daxue.911cha.com/80.html
河北民族师范学院,https://daxue.911cha.com/81.html
河北中医学院,https://daxue.911cha.com/1964.html
张家口学院,https://daxue.911cha.com/1965.html
河北工程技术高等专科学校,https://daxue.911cha.com/74.html
河北工业职业技术学院,https://daxue.911cha.com/639.html
邯郸职业技术学院,https://daxue.911cha.com/670.html
中国人民武装警察部队学院,https://daxue.911cha.com/708.html
河北体育学院,https://daxue.911cha.com/720.html
石家庄职业技术学院,https://daxue.911cha.com/721.html
张家口职业技术学院,https://daxue.911cha.com/769.html
承德石油高等专科学校,https://daxue.911cha.com/856.html
邢台职业技术学院,https://daxue.911cha.com/875.html
中央司法警官学院,https://daxue.911cha.com/895.html
河北软件职业技术学院,https://daxue.911cha.com/974.html
河北石油职业技术学院,https://daxue.911cha.com/980.html
河北建材职业技术学院,https://daxue.911cha.com/985.html
河北政法职业学院,https://daxue.911cha.com/993.html
沧州职业技术学院,https://daxue.911cha.com/995.html
河北能源职业技术学院,https://daxue.911cha.com/996.html
石家庄铁路职业技术学院,https://daxue.911cha.com/998.html
保定职业技术学院,https://daxue.911cha.com/1022.html
秦皇岛职业技术学院,https://daxue.911cha.com/1182.html
石家庄工程职业学院,https://daxue.911cha.com/1191.html
石家庄城市经济职业学院,https://daxue.911cha.com/1192.html
河北传媒学院,https://daxue.911cha.com/1193.html
唐山职业技术学院,https://daxue.911cha.com/1194.html
衡水职业技术学院,https://daxue.911cha.com/1195.html
唐山工业职业技术学院,https://daxue.911cha.com/1196.html
石家庄城市职业学院,https://daxue.911cha.com/1204.html
邢台医学高等专科学校,https://daxue.911cha.com/1281.html
河北省艺术职业学院,https://daxue.911cha.com/1282.html
河北旅游职业学院,https://daxue.911cha.com/1283.html
石家庄财经职业学院,https://daxue.911cha.com/1432.html
河北交通职业技术学院,https://daxue.911cha.com/1433.html
河北化工医药职业技术学院,https://daxue.911cha.com/1434.html
石家庄信息工程职业学院,https://daxue.911cha.com/1435.html
河北外国语职业学院,https://daxue.911cha.com/1436.html
河北美术学院,https://daxue.911cha.com/1437.html
军械工程学院信息与管理分院,https://daxue.911cha.com/1438.html
河北科技学院,https://daxue.911cha.com/1571.html
保定电力职业技术学院,https://daxue.911cha.com/1572.html
河北机电职业技术学院,https://daxue.911cha.com/1573.html
渤海石油职业学院,https://daxue.911cha.com/1574.html
廊坊职业技术学院,https://daxue.911cha.com/1575.html
唐山科技职业技术学院,https://daxue.911cha.com/1576.html
石家庄邮电职业技术学院,https://daxue.911cha.com/1577.html
河北公安警察职业学院,https://daxue.911cha.com/1578.html
石家庄工商职业学院,https://daxue.911cha.com/1579.html
石家庄理工职业学院,https://daxue.911cha.com/1580.html
石家庄外语翻译职业学院,https://daxue.911cha.com/1581.html
石家庄科技信息职业学院,https://daxue.911cha.com/1582.html
河北大学工商学院,https://daxue.911cha.com/1583.html
河北联合大学轻工学院,https://daxue.911cha.com/1584.html
河北科技大学理工学院,https://daxue.911cha.com/1585.html
河北师范大学汇华学院,https://daxue.911cha.com/1586.html
河北经贸大学经济管理学院,https://daxue.911cha.com/1587.html
河北医科大学临床学院,https://daxue.911cha.com/1588.html
华北电力大学科技学院,https://daxue.911cha.com/1589.html
河北工程大学科信学院,https://daxue.911cha.com/1677.html
燕山大学里仁学院,https://daxue.911cha.com/1686.html
石家庄铁道大学四方学院,https://daxue.911cha.com/1687.html
石家庄经济学院华信学院,https://daxue.911cha.com/1688.html
河北农业大学现代科技学院,https://daxue.911cha.com/1689.html
河北联合大学冀唐学院,https://daxue.911cha.com/1690.html
河北司法警官职业学院,https://daxue.911cha.com/1777.html
沧州医学高等专科学校,https://daxue.911cha.com/1860.html
河北女子职业技术学院,https://daxue.911cha.com/1902.html
山西大学,https://daxue.911cha.com/90.html
太原理工大学,https://daxue.911cha.com/93.html
中北大学,https://daxue.911cha.com/92.html
山西师范大学,https://daxue.911cha.com/97.html
山西医科大学,https://daxue.911cha.com/95.html
山西财经大学,https://daxue.911cha.com/104.html
太原科技大学,https://daxue.911cha.com/91.html
山西农业大学,https://daxue.911cha.com/94.html
太原师范学院,https://daxue.911cha.com/98.html
山西中医学院,https://daxue.911cha.com/592.html
运城学院,https://daxue.911cha.com/102.html
长治医学院,https://daxue.911cha.com/96.html
忻州师范学院,https://daxue.911cha.com/103.html
太原学院,https://daxue.911cha.com/722.html
山西大同大学,https://daxue.911cha.com/99.html
晋中学院,https://daxue.911cha.com/100.html
长治学院,https://daxue.911cha.com/101.html
吕梁学院,https://daxue.911cha.com/593.html
太原工业学院,https://daxue.911cha.com/1970.html
太原电力高等专科学校,https://daxue.911cha.com/591.html
山西省财政税务专科学校,https://daxue.911cha.com/828.html
山西警官高等专科学校,https://daxue.911cha.com/935.html
长治职业技术学院,https://daxue.911cha.com/984.html
山西艺术职业学院,https://daxue.911cha.com/1119.html
晋城职业技术学院,https://daxue.911cha.com/1183.html
山西建筑职业技术学院,https://daxue.911cha.com/1184.html
山西药科职业学院,https://daxue.911cha.com/1185.html
山西工程职业技术学院,https://daxue.911cha.com/1186.html
山西交通职业技术学院,https://daxue.911cha.com/1187.html
山西兴华职业学院,https://daxue.911cha.com/1188.html
大同煤炭职业技术学院,https://daxue.911cha.com/1189.html
山西机电职业技术学院,https://daxue.911cha.com/1284.html
山西戏剧职业学院,https://daxue.911cha.com/1285.html
山西财贸职业技术学院,https://daxue.911cha.com/1286.html
山西林业职业技术学院,https://daxue.911cha.com/1287.html
阳泉职业技术学院,https://daxue.911cha.com/1288.html
临汾职业技术学院,https://daxue.911cha.com/1474.html
山西职业技术学院,https://daxue.911cha.com/1648.html
山西煤炭职业技术学院,https://daxue.911cha.com/1649.html
山西金融职业学院,https://daxue.911cha.com/1650.html
太原城市职业技术学院,https://daxue.911cha.com/1651.html
山西大学商务学院,https://daxue.911cha.com/1652.html
太原理工大学现代科技学院,https://daxue.911cha.com/1653.html
山西农业大学信息学院,https://daxue.911cha.com/1654.html
山西师范大学现代文理学院,https://daxue.911cha.com/1655.html
中北大学信息商务学院,https://daxue.911cha.com/1656.html
山西信息职业技术学院,https://daxue.911cha.com/1657.html
太原科技大学华科学院,https://daxue.911cha.com/1691.html
山西医科大学晋祠学院,https://daxue.911cha.com/1692.html
山西财经大学华商学院,https://daxue.911cha.com/1702.html
山西工商学院,https://daxue.911cha.com/1778.html
山西体育职业学院,https://daxue.911cha.com/1779.html
山西警官职业学院,https://daxue.911cha.com/1780.html
山西国际商务职业学院,https://daxue.911cha.com/1781.html
潞安职业技术学院,https://daxue.911cha.com/1782.html
太原旅游职业学院,https://daxue.911cha.com/1783.html
山西旅游职业学院,https://daxue.911cha.com/1784.html
山西管理职业学院,https://daxue.911cha.com/1785.html
山西电力职业技术学院,https://daxue.911cha.com/1827.html
忻州职业技术学院,https://daxue.911cha.com/1901.html
山西同文外语职业学院,https://daxue.911cha.com/1928.html
内蒙古大学,https://daxue.911cha.com/105.html
内蒙古农业大学,https://daxue.911cha.com/108.html
内蒙古师范大学,https://daxue.911cha.com/110.html
内蒙古科技大学,https://daxue.911cha.com/106.html
内蒙古工业大学,https://daxue.911cha.com/107.html
内蒙古医科大学,https://daxue.911cha.com/109.html
内蒙古民族大学,https://daxue.911cha.com/111.html
内蒙古财经大学,https://daxue.911cha.com/113.html
呼伦贝尔学院,https://daxue.911cha.com/594.html
河套学院,https://daxue.911cha.com/829.html
赤峰学院,https://daxue.911cha.com/112.html
呼和浩特民族学院,https://daxue.911cha.com/848.html
集宁师范学院,https://daxue.911cha.com/770.html
内蒙古建筑职业技术学院,https://daxue.911cha.com/637.html
内蒙古丰州职业学院,https://daxue.911cha.com/771.html
包头职业技术学院,https://daxue.911cha.com/915.html
兴安职业技术学院,https://daxue.911cha.com/1002.html
呼和浩特职业学院,https://daxue.911cha.com/1100.html
包头轻工职业技术学院,https://daxue.911cha.com/1101.html
内蒙古电子信息职业技术学院,https://daxue.911cha.com/1102.html
内蒙古机电职业技术学院,https://daxue.911cha.com/1103.html
内蒙古化工职业学院,https://daxue.911cha.com/1104.html
内蒙古商贸职业学院,https://daxue.911cha.com/1105.html
锡林郭勒职业学院,https://daxue.911cha.com/1106.html
内蒙古警察职业学院,https://daxue.911cha.com/1205.html
内蒙古体育职业学院,https://daxue.911cha.com/1289.html
乌兰察布职业学院,https://daxue.911cha.com/1786.html
通辽职业学院,https://daxue.911cha.com/1822.html
科尔沁艺术职业学院,https://daxue.911cha.com/1823.html
内蒙古交通职业技术学院,https://daxue.911cha.com/1903.html
大连理工大学,https://daxue.911cha.com/115.html
东北大学,https://daxue.911cha.com/119.html
辽宁大学,https://daxue.911cha.com/114.html
中国医科大学,https://daxue.911cha.com/131.html
东北财经大学,https://daxue.911cha.com/143.html
大连海事大学,https://daxue.911cha.com/125.html
沈阳农业大学,https://daxue.911cha.com/129.html
辽宁工程技术大学,https://daxue.911cha.com/121.html
辽宁师范大学,https://daxue.911cha.com/137.html
沈阳工业大学,https://daxue.911cha.com/116.html
大连医科大学,https://daxue.911cha.com/133.html
沈阳药科大学,https://daxue.911cha.com/135.html
大连工业大学,https://daxue.911cha.com/126.html
沈阳建筑大学,https://daxue.911cha.com/127.html
沈阳师范大学,https://daxue.911cha.com/138.html
大连大学,https://daxue.911cha.com/725.html
辽宁中医药大学,https://daxue.911cha.com/134.html
大连交通大学,https://daxue.911cha.com/124.html
辽宁工业大学,https://daxue.911cha.com/128.html
辽宁科技大学,https://daxue.911cha.com/120.html
沈阳航空航天大学,https://daxue.911cha.com/117.html
渤海大学,https://daxue.911cha.com/139.html
大连民族学院,https://daxue.911cha.com/899.html
沈阳大学,https://daxue.911cha.com/671.html
辽宁医学院,https://daxue.911cha.com/132.html
沈阳理工大学,https://daxue.911cha.com/118.html
沈阳化工大学,https://daxue.911cha.com/123.html
大连外国语大学,https://daxue.911cha.com/142.html
大连海洋大学,https://daxue.911cha.com/130.html
辽宁石油化工大学,https://daxue.911cha.com/122.html
沈阳医学院,https://daxue.911cha.com/136.html
鞍山师范学院,https://daxue.911cha.com/140.html
辽东学院,https://daxue.911cha.com/857.html
沈阳工程学院,https://daxue.911cha.com/830.html
辽宁科技学院,https://daxue.911cha.com/772.html
营口理工学院,https://daxue.911cha.com/1974.html
朝阳师范高等专科学校,https://daxue.911cha.com/141.html
中国刑事警察学院,https://daxue.911cha.com/144.html
沈阳体育学院,https://daxue.911cha.com/145.html
沈阳音乐学院,https://daxue.911cha.com/146.html
鲁迅美术学院,https://daxue.911cha.com/147.html
抚顺师范高等专科学校,https://daxue.911cha.com/148.html
锦州师范高等专科学校,https://daxue.911cha.com/149.html
营口职业技术学院,https://daxue.911cha.com/150.html
铁岭师范高等专科学校,https://daxue.911cha.com/151.html
辽宁对外经贸学院,https://daxue.911cha.com/611.html
大连职业技术学院,https://daxue.911cha.com/614.html
辽宁农业职业技术学院,https://daxue.911cha.com/655.html
抚顺职业技术学院,https://daxue.911cha.com/672.html
辽阳职业技术学院,https://daxue.911cha.com/723.html
阜新高等专科学校,https://daxue.911cha.com/724.html
辽宁警官高等专科学校,https://daxue.911cha.com/773.html
辽宁交通高等专科学校,https://daxue.911cha.com/793.html
盘锦职业技术学院,https://daxue.911cha.com/921.html
沈阳航空职业技术学院,https://daxue.911cha.com/1051.html
辽宁体育运动职业技术学院,https://daxue.911cha.com/1052.html
辽宁职业学院,https://daxue.911cha.com/1053.html
辽宁林业职业技术学院,https://daxue.911cha.com/1054.html
沈阳职业技术学院,https://daxue.911cha.com/1055.html
辽宁理工职业学院,https://daxue.911cha.com/1056.html
沈阳炮兵学院,https://daxue.911cha.com/1099.html
大连商务职业学院,https://daxue.911cha.com/1142.html
大连艺术职业学院,https://daxue.911cha.com/1247.html
大连东软信息技术职业学院,https://daxue.911cha.com/1248.html
辽宁金融职业学院,https://daxue.911cha.com/1290.html
辽宁轨道交通职业学院,https://daxue.911cha.com/1291.html
辽宁广告职业学院,https://daxue.911cha.com/1292.html
辽宁机电职业技术学院,https://daxue.911cha.com/1293.html
辽宁经济职业技术学院,https://daxue.911cha.com/1294.html
辽宁石化职业技术学院,https://daxue.911cha.com/1295.html
渤海船舶职业学院,https://daxue.911cha.com/1325.html
大连理工大学城市学院,https://daxue.911cha.com/1476.html
沈阳工业大学工程学院,https://daxue.911cha.com/1477.html
沈阳航空航天大学北方科技学院,https://daxue.911cha.com/1478.html
沈阳工学院,https://daxue.911cha.com/1479.html
大连工业大学艺术与信息工程学院,https://daxue.911cha.com/1480.html
大连科技学院,https://daxue.911cha.com/1481.html
沈阳建筑大学城市建设学院,https://daxue.911cha.com/1482.html
中国医科大学临床医药学院,https://daxue.911cha.com/1483.html
大连医科大学中山学院,https://daxue.911cha.com/1484.html
辽宁医学院医疗学院,https://daxue.911cha.com/1485.html
辽宁师范大学海华学院,https://daxue.911cha.com/1486.html
渤海大学文理学院,https://daxue.911cha.com/1487.html
大连财经学院,https://daxue.911cha.com/1488.html
沈阳城市学院,https://daxue.911cha.com/1489.html
辽宁科技大学信息技术学院,https://daxue.911cha.com/1679.html
辽宁石油化工大学顺华能源学院,https://daxue.911cha.com/1680.html
大连艺术学院,https://daxue.911cha.com/1693.html
辽宁中医药大学杏林学院,https://daxue.911cha.com/1703.html
辽宁何氏医学院,https://daxue.911cha.com/1704.html
沈阳化工大学科亚学院,https://daxue.911cha.com/1715.html
大连东软信息学院,https://daxue.911cha.com/1723.html
海军大连舰艇学院,https://daxue.911cha.com/1940.html
吉林大学,https://daxue.911cha.com/152.html
东北师范大学,https://daxue.911cha.com/161.html
延边大学,https://daxue.911cha.com/153.html
长春理工大学,https://daxue.911cha.com/154.html
吉林农业大学,https://daxue.911cha.com/159.html
东北电力大学,https://daxue.911cha.com/155.html
长春中医药大学,https://daxue.911cha.com/160.html
吉林师范大学,https://daxue.911cha.com/164.html
吉林化工学院,https://daxue.911cha.com/158.html
长春工业大学,https://daxue.911cha.com/156.html
吉林财经大学,https://daxue.911cha.com/168.html
北华大学,https://daxue.911cha.com/162.html
长春师范大学,https://daxue.911cha.com/166.html
吉林建筑大学,https://daxue.911cha.com/157.html
长春大学,https://daxue.911cha.com/849.html
通化师范学院,https://daxue.911cha.com/163.html
长春工程学院,https://daxue.911cha.com/775.html
吉林工程技术师范学院,https://daxue.911cha.com/165.html
吉林工商学院,https://daxue.911cha.com/726.html
白城师范学院,https://daxue.911cha.com/167.html
吉林农业科技学院,https://daxue.911cha.com/776.html
吉林医药学院,https://daxue.911cha.com/1792.html
吉林体育学院,https://daxue.911cha.com/169.html
吉林艺术学院,https://daxue.911cha.com/170.html
辽源职业技术学院,https://daxue.911cha.com/616.html
吉林华桥外国语学院,https://daxue.911cha.com/660.html
四平职业大学,https://daxue.911cha.com/673.html
长春汽车工业高等专科学校,https://daxue.911cha.com/774.html
长春金融高等专科学校,https://daxue.911cha.com/777.html
吉林警察学院,https://daxue.911cha.com/778.html
长春医学高等专科学校,https://daxue.911cha.com/876.html
吉林交通职业技术学院,https://daxue.911cha.com/907.html
长春东方职业学院,https://daxue.911cha.com/953.html
吉林司法警官职业学院,https://daxue.911cha.com/1296.html
吉林电子信息职业技术学院,https://daxue.911cha.com/1297.html
吉林工业职业技术学院,https://daxue.911cha.com/1298.html
吉林农业工程职业技术学院,https://daxue.911cha.com/1299.html
长春职业技术学院,https://daxue.911cha.com/1473.html
长春光华学院,https://daxue.911cha.com/1694.html
长春工业大学人文信息学院,https://daxue.911cha.com/1695.html
长春理工大学光电信息学院,https://daxue.911cha.com/1696.html
吉林财经大学信息经济学院,https://daxue.911cha.com/1697.html
吉林建筑大学城建学院,https://daxue.911cha.com/1698.html
长春建筑学院,https://daxue.911cha.com/1699.html
长春科技学院,https://daxue.911cha.com/1700.html
吉林动画学院,https://daxue.911cha.com/1701.html
吉林师范大学博达学院,https://daxue.911cha.com/1716.html
长春大学旅游学院,https://daxue.911cha.com/1717.html
东北师范大学人文学院,https://daxue.911cha.com/1751.html
白城医学高等专科学校,https://daxue.911cha.com/1825.html
哈尔滨工业大学,https://daxue.911cha.com/172.html
哈尔滨工程大学,https://daxue.911cha.com/175.html
东北林业大学,https://daxue.911cha.com/181.html
哈尔滨医科大学,https://daxue.911cha.com/182.html
黑龙江大学,https://daxue.911cha.com/171.html
东北农业大学,https://daxue.911cha.com/180.html
哈尔滨理工大学,https://daxue.911cha.com/173.html
哈尔滨师范大学,https://daxue.911cha.com/185.html
东北石油大学,https://daxue.911cha.com/177.html
黑龙江中医药大学,https://daxue.911cha.com/183.html
哈尔滨商业大学,https://daxue.911cha.com/192.html
黑龙江八一农垦大学,https://daxue.911cha.com/179.html
佳木斯大学,https://daxue.911cha.com/178.html
齐齐哈尔大学,https://daxue.911cha.com/186.html
黑龙江科技大学,https://daxue.911cha.com/176.html
牡丹江师范学院,https://daxue.911cha.com/187.html
牡丹江医学院,https://daxue.911cha.com/184.html
哈尔滨学院,https://daxue.911cha.com/188.html
黑龙江工程学院,https://daxue.911cha.com/866.html
齐齐哈尔医学院,https://daxue.911cha.com/718.html
黑龙江工业学院,https://daxue.911cha.com/779.html
大庆师范学院,https://daxue.911cha.com/189.html
绥化学院,https://daxue.911cha.com/190.html
哈尔滨金融学院,https://daxue.911cha.com/194.html
黑河学院,https://daxue.911cha.com/1826.html
齐齐哈尔高等师范专科学校,https://daxue.911cha.com/191.html
哈尔滨体育学院,https://daxue.911cha.com/193.html
伊春职业学院,https://daxue.911cha.com/638.html
牡丹江大学,https://daxue.911cha.com/674.html
黑龙江东方学院,https://daxue.911cha.com/780.html
黑龙江职业学院,https://daxue.911cha.com/781.html
哈尔滨华夏计算机职业技术学院,https://daxue.911cha.com/831.html
黑龙江建筑职业技术学院,https://daxue.911cha.com/911.html
黑龙江艺术职业学院,https://daxue.911cha.com/1010.html
大庆职业学院,https://daxue.911cha.com/1130.html
黑龙江林业职业技术学院,https://daxue.911cha.com/1136.html
黑龙江农业职业技术学院,https://daxue.911cha.com/1137.html
黑龙江农业工程职业学院,https://daxue.911cha.com/1138.html
黑龙江农垦职业学院,https://daxue.911cha.com/1139.html
黑龙江司法警官职业学院,https://daxue.911cha.com/1140.html
齐齐哈尔工程学院,https://daxue.911cha.com/1141.html
鹤岗师范高等专科学校,https://daxue.911cha.com/1300.html
哈尔滨电力职业技术学院,https://daxue.911cha.com/1301.html
哈尔滨铁道职业技术学院,https://daxue.911cha.com/1302.html
大兴安岭职业学院,https://daxue.911cha.com/1303.html
黑龙江畜牧兽医职业学院,https://daxue.911cha.com/1304.html
黑龙江农业经济职业学院,https://daxue.911cha.com/1305.html
哈尔滨职业技术学院,https://daxue.911cha.com/1306.html
黑龙江外国语学院,https://daxue.911cha.com/1532.html
黑龙江财经学院,https://daxue.911cha.com/1533.html
哈尔滨石油学院,https://daxue.911cha.com/1534.html
东北农业大学成栋学院,https://daxue.911cha.com/1535.html
哈尔滨远东理工学院,https://daxue.911cha.com/1536.html
哈尔滨剑桥学院,https://daxue.911cha.com/1537.html
黑龙江工程学院昆仑旅游学院,https://daxue.911cha.com/1538.html
哈尔滨商业大学广厦学院,https://daxue.911cha.com/1539.html
哈尔滨华德学院,https://daxue.911cha.com/1540.html
黑龙江生物科技职业学院,https://daxue.911cha.com/1613.html
黑龙江商业职业学院,https://daxue.911cha.com/1614.html
黑龙江公安警官职业学院,https://daxue.911cha.com/1615.html
黑龙江信息技术职业学院,https://daxue.911cha.com/1616.html
哈尔滨江南职业技术学院,https://daxue.911cha.com/1617.html
黑龙江农垦科技职业学院,https://daxue.911cha.com/1618.html
黑龙江旅游职业技术学院,https://daxue.911cha.com/1811.html
黑龙江三江美术职业学院,https://daxue.911cha.com/1812.html
黑龙江生态工程职业学院,https://daxue.911cha.com/1813.html
黑龙江煤炭职业技术学院,https://daxue.911cha.com/1814.html
上海交通大学,https://daxue.911cha.com/197.html
复旦大学,https://daxue.911cha.com/195.html
同济大学,https://daxue.911cha.com/196.html
华东师范大学,https://daxue.911cha.com/208.html
华东理工大学,https://daxue.911cha.com/198.html
上海大学,https://daxue.911cha.com/219.html
上海财经大学,https://daxue.911cha.com/211.html
东华大学,https://daxue.911cha.com/201.html
上海理工大学,https://daxue.911cha.com/199.html
上海师范大学,https://daxue.911cha.com/209.html
上海中医药大学,https://daxue.911cha.com/207.html
上海外国语大学,https://daxue.911cha.com/210.html
华东政法大学,https://daxue.911cha.com/215.html
上海海洋大学,https://daxue.911cha.com/205.html
上海海事大学,https://daxue.911cha.com/200.html
上海工程技术大学,https://daxue.911cha.com/623.html
上海电力学院,https://daxue.911cha.com/202.html
上海对外经贸大学,https://daxue.911cha.com/212.html
上海应用技术学院,https://daxue.911cha.com/203.html
上海第二工业大学,https://daxue.911cha.com/903.html
上海政法学院,https://daxue.911cha.com/1942.html
上海金融学院,https://daxue.911cha.com/832.html
上海立信会计学院,https://daxue.911cha.com/675.html
上海商学院,https://daxue.911cha.com/908.html
上海海关学院,https://daxue.911cha.com/213.html
上海电机学院,https://daxue.911cha.com/782.html
上海医疗器械高等专科学校,https://daxue.911cha.com/204.html
上海交通大学医学院,https://daxue.911cha.com/206.html
上海旅游高等专科学校,https://daxue.911cha.com/214.html
上海体育学院,https://daxue.911cha.com/216.html
上海音乐学院,https://daxue.911cha.com/217.html
上海戏剧学院,https://daxue.911cha.com/218.html
上海公安高等专科学校,https://daxue.911cha.com/220.html
上海东海职业技术学院,https://daxue.911cha.com/620.html
上海新侨职业技术学院,https://daxue.911cha.com/621.html
上海出版印刷高等专科学校,https://daxue.911cha.com/851.html
上海杉达学院,https://daxue.911cha.com/883.html
上海行健职业学院,https://daxue.911cha.com/1011.html
上海城市管理职业技术学院,https://daxue.911cha.com/1012.html
上海交通职业技术学院,https://daxue.911cha.com/1013.html
上海海事职业技术学院,https://daxue.911cha.com/1014.html
上海电子信息职业技术学院,https://daxue.911cha.com/1015.html
上海震旦职业学院,https://daxue.911cha.com/1045.html
上海民远职业技术学院,https://daxue.911cha.com/1046.html
上海欧华职业技术学院,https://daxue.911cha.com/1047.html
上海思博职业技术学院,https://daxue.911cha.com/1048.html
上海立达职业技术学院,https://daxue.911cha.com/1049.html
上海工艺美术职业学院,https://daxue.911cha.com/1050.html
上海济光职业技术学院,https://daxue.911cha.com/1206.html
上海建桥学院,https://daxue.911cha.com/1207.html
上海工商外国语职业学院,https://daxue.911cha.com/1208.html
上海科学技术职业学院,https://daxue.911cha.com/1209.html
上海农林职业技术学院,https://daxue.911cha.com/1307.html
上海邦德职业技术学院,https://daxue.911cha.com/1308.html
上海兴韦信息技术职业学院,https://daxue.911cha.com/1309.html
上海中侨职业技术学院,https://daxue.911cha.com/1310.html
上海建峰职业技术学院,https://daxue.911cha.com/1311.html
上海外国语大学贤达经济人文学院,https://daxue.911cha.com/1726.html
上海电影艺术职业学院,https://daxue.911cha.com/1828.html
上海中华职业技术学院,https://daxue.911cha.com/1943.html
南京大学,https://daxue.911cha.com/221.html
东南大学,https://daxue.911cha.com/223.html
中国矿业大学,https://daxue.911cha.com/227.html
南京农业大学,https://daxue.911cha.com/238.html
南京理工大学,https://daxue.911cha.com/225.html
苏州大学,https://daxue.911cha.com/222.html
南京师范大学,https://daxue.911cha.com/243.html
南京航空航天大学,https://daxue.911cha.com/224.html
河海大学,https://daxue.911cha.com/231.html
江南大学,https://daxue.911cha.com/232.html
南京医科大学,https://daxue.911cha.com/239.html
南京工业大学,https://daxue.911cha.com/228.html
扬州大学,https://daxue.911cha.com/714.html
江苏大学,https://daxue.911cha.com/234.html
中国药科大学,https://daxue.911cha.com/242.html
南京林业大学,https://daxue.911cha.com/233.html
南京邮电大学,https://daxue.911cha.com/230.html
南京中医药大学,https://daxue.911cha.com/241.html
南京信息工程大学,https://daxue.911cha.com/235.html
江苏师范大学,https://daxue.911cha.com/244.html
南通大学,https://daxue.911cha.com/236.html
常州大学,https://daxue.911cha.com/229.html
江苏科技大学,https://daxue.911cha.com/226.html
南京财经大学,https://daxue.911cha.com/247.html
徐州医学院,https://daxue.911cha.com/240.html
南京审计学院,https://daxue.911cha.com/728.html
苏州科技学院,https://daxue.911cha.com/251.html
江苏理工学院,https://daxue.911cha.com/785.html
淮阴师范学院,https://daxue.911cha.com/245.html
南京工程学院,https://daxue.911cha.com/727.html
盐城师范学院,https://daxue.911cha.com/246.html
常州工学院,https://daxue.911cha.com/681.html
淮海工学院,https://daxue.911cha.com/833.html
盐城工学院,https://daxue.911cha.com/237.html
淮阴工学院,https://daxue.911cha.com/676.html
南京晓庄学院,https://daxue.911cha.com/783.html
常熟理工学院,https://daxue.911cha.com/252.html
金陵科技学院,https://daxue.911cha.com/1954.html
徐州工程学院,https://daxue.911cha.com/896.html
江苏第二师范学院,https://daxue.911cha.com/1969.html
泰州学院,https://daxue.911cha.com/1312.html
江苏警官学院,https://daxue.911cha.com/248.html
南京体育学院,https://daxue.911cha.com/249.html
南京艺术学院,https://daxue.911cha.com/250.html
民办明达职业技术学院,https://daxue.911cha.com/599.html
无锡职业技术学院,https://daxue.911cha.com/617.html
江苏建筑职业技术学院,https://daxue.911cha.com/618.html
南京工业职业技术学院,https://daxue.911cha.com/619.html
南通纺织职业技术学院,https://daxue.911cha.com/656.html
苏州工艺美术职业技术学院,https://daxue.911cha.com/658.html
连云港职业技术学院,https://daxue.911cha.com/677.html
镇江市高等专科学校,https://daxue.911cha.com/678.html
南通职业大学,https://daxue.911cha.com/679.html
苏州职业大学,https://daxue.911cha.com/680.html
三江学院,https://daxue.911cha.com/716.html
沙洲职业工学院,https://daxue.911cha.com/729.html
扬州市职业大学,https://daxue.911cha.com/784.html
江苏经贸职业技术学院,https://daxue.911cha.com/905.html
南京特殊教育职业技术学院,https://daxue.911cha.com/906.html
九州职业技术学院,https://daxue.911cha.com/912.html
紫琅职业技术学院,https://daxue.911cha.com/914.html
硅湖职业技术学院,https://daxue.911cha.com/930.html
泰州职业技术学院,https://daxue.911cha.com/933.html
南京森林警察学院,https://daxue.911cha.com/938.html
常州信息职业技术学院,https://daxue.911cha.com/957.html
江苏联合职业技术学院,https://daxue.911cha.com/1107.html
江苏海事职业技术学院,https://daxue.911cha.com/1108.html
应天职业技术学院,https://daxue.911cha.com/1109.html
无锡科技职业学院,https://daxue.911cha.com/1110.html
扬州环境资源职业技术学院,https://daxue.911cha.com/1111.html
南通农业职业技术学院,https://daxue.911cha.com/1112.html
苏州经贸职业技术学院,https://daxue.911cha.com/1113.html
苏州工业职业技术学院,https://daxue.911cha.com/1114.html
苏州托普信息职业技术学院,https://daxue.911cha.com/1115.html
东南大学成贤学院,https://daxue.911cha.com/1116.html
无锡商业职业技术学院,https://daxue.911cha.com/1117.html
南通航运职业技术学院,https://daxue.911cha.com/1118.html
南京交通职业技术学院,https://daxue.911cha.com/1212.html
淮安信息职业技术学院,https://daxue.911cha.com/1213.html
江苏农牧科技职业学院,https://daxue.911cha.com/1214.html
常州纺织服装职业技术学院,https://daxue.911cha.com/1215.html
苏州农业职业技术学院,https://daxue.911cha.com/1216.html
苏州工业园区职业技术学院,https://daxue.911cha.com/1217.html
太湖创意职业技术学院,https://daxue.911cha.com/1313.html
炎黄职业技术学院,https://daxue.911cha.com/1314.html
南京化工职业技术学院,https://daxue.911cha.com/1315.html
正德职业技术学院,https://daxue.911cha.com/1316.html
钟山职业技术学院,https://daxue.911cha.com/1317.html
无锡南洋职业技术学院,https://daxue.911cha.com/1318.html
江南影视艺术职业学院,https://daxue.911cha.com/1399.html
金肯职业技术学院,https://daxue.911cha.com/1445.html
常州轻工职业技术学院,https://daxue.911cha.com/1446.html
常州工程职业技术学院,https://daxue.911cha.com/1447.html
江苏农林职业技术学院,https://daxue.911cha.com/1448.html
江苏食品药品职业技术学院,https://daxue.911cha.com/1449.html
建东职业技术学院,https://daxue.911cha.com/1450.html
南京铁道职业技术学院,https://daxue.911cha.com/1451.html
徐州工业职业技术学院,https://daxue.911cha.com/1452.html
江苏信息职业技术学院,https://daxue.911cha.com/1453.html
宿迁职业技术学院,https://daxue.911cha.com/1454.html
南京信息职业技术学院,https://daxue.911cha.com/1455.html
江海职业技术学院,https://daxue.911cha.com/1456.html
常州机电职业技术学院,https://daxue.911cha.com/1457.html
江阴职业技术学院,https://daxue.911cha.com/1470.html
无锡太湖学院,https://daxue.911cha.com/1672.html
中国矿业大学徐海学院,https://daxue.911cha.com/1678.html
南京大学金陵学院,https://daxue.911cha.com/1735.html
南京理工大学紫金学院,https://daxue.911cha.com/1743.html
南京航空航天大学金城学院,https://daxue.911cha.com/1744.html
中国传媒大学南广学院,https://daxue.911cha.com/1776.html
无锡城市职业技术学院,https://daxue.911cha.com/1829.html
无锡工艺职业技术学院,https://daxue.911cha.com/1830.html
金山职业技术学院,https://daxue.911cha.com/1831.html
健雄职业技术学院,https://daxue.911cha.com/1832.html
盐城工业职业技术学院,https://daxue.911cha.com/1833.html
江苏财经职业技术学院,https://daxue.911cha.com/1834.html
扬州工业职业技术学院,https://daxue.911cha.com/1835.html
南京理工大学泰州科技学院,https://daxue.911cha.com/1910.html
南京师范大学泰州学院,https://daxue.911cha.com/1911.html
浙江大学,https://daxue.911cha.com/253.html
浙江工业大学,https://daxue.911cha.com/255.html
浙江师范大学,https://daxue.911cha.com/261.html
宁波大学,https://daxue.911cha.com/834.html
浙江理工大学,https://daxue.911cha.com/256.html
杭州师范大学,https://daxue.911cha.com/262.html
温州医科大学,https://daxue.911cha.com/259.html
浙江工商大学,https://daxue.911cha.com/268.html
杭州电子科技大学,https://daxue.911cha.com/254.html
浙江农林大学,https://daxue.911cha.com/258.html
温州大学,https://daxue.911cha.com/266.html
中国计量学院,https://daxue.911cha.com/271.html
浙江中医药大学,https://daxue.911cha.com/260.html
浙江财经大学,https://daxue.911cha.com/787.html
绍兴文理学院,https://daxue.911cha.com/264.html
浙江海洋学院,https://daxue.911cha.com/257.html
湖州师范学院,https://daxue.911cha.com/263.html
嘉兴学院,https://daxue.911cha.com/269.html
浙江科技学院,https://daxue.911cha.com/682.html
宁波工程学院,https://daxue.911cha.com/683.html
台州学院,https://daxue.911cha.com/265.html
浙江万里学院,https://daxue.911cha.com/640.html
丽水学院,https://daxue.911cha.com/267.html
浙江外国语学院,https://daxue.911cha.com/1956.html
浙江水利水电学院,https://daxue.911cha.com/786.html
衢州学院,https://daxue.911cha.com/789.html
中国美术学院,https://daxue.911cha.com/270.html
公安海警学院,https://daxue.911cha.com/602.html
宁波职业技术学院,https://daxue.911cha.com/629.html
温州职业技术学院,https://daxue.911cha.com/630.html
浙江警察学院,https://daxue.911cha.com/788.html
浙江传媒学院,https://daxue.911cha.com/835.html
浙江树人学院,https://daxue.911cha.com/889.html
浙江交通职业技术学院,https://daxue.911cha.com/901.html
金华职业技术学院,https://daxue.911cha.com/919.html
宁波城市职业技术学院,https://daxue.911cha.com/1086.html
浙江工商职业技术学院,https://daxue.911cha.com/1198.html
台州职业技术学院,https://daxue.911cha.com/1199.html
浙江工贸职业技术学院,https://daxue.911cha.com/1200.html
浙江越秀外国语学院,https://daxue.911cha.com/1201.html
浙江医药高等专科学校,https://daxue.911cha.com/1261.html
浙江机电职业技术学院,https://daxue.911cha.com/1262.html
浙江建设职业技术学院,https://daxue.911cha.com/1263.html
浙江艺术职业学院,https://daxue.911cha.com/1264.html
浙江经贸职业技术学院,https://daxue.911cha.com/1265.html
浙江经济职业技术学院,https://daxue.911cha.com/1266.html
浙江旅游职业学院,https://daxue.911cha.com/1267.html
浙江育英职业技术学院,https://daxue.911cha.com/1268.html
浙江警官职业学院,https://daxue.911cha.com/1269.html
浙江金融职业学院,https://daxue.911cha.com/1270.html
浙江工业职业技术学院,https://daxue.911cha.com/1271.html
杭州职业技术学院,https://daxue.911cha.com/1272.html
嘉兴职业技术学院,https://daxue.911cha.com/1273.html
湖州职业技术学院,https://daxue.911cha.com/1274.html
绍兴职业技术学院,https://daxue.911cha.com/1275.html
衢州职业技术学院,https://daxue.911cha.com/1276.html
丽水职业技术学院,https://daxue.911cha.com/1277.html
宁波大红鹰学院,https://daxue.911cha.com/1385.html
浙江东方职业技术学院,https://daxue.911cha.com/1386.html
义乌工商职业技术学院,https://daxue.911cha.com/1387.html
浙江大学城市学院,https://daxue.911cha.com/1400.html
浙江大学宁波理工学院,https://daxue.911cha.com/1401.html
浙江医学高等专科学校,https://daxue.911cha.com/1402.html
浙江纺织服装职业技术学院,https://daxue.911cha.com/1403.html
嘉兴南洋职业技术学院,https://daxue.911cha.com/1404.html
浙江广厦建设职业技术学院,https://daxue.911cha.com/1405.html
杭州万向职业技术学院,https://daxue.911cha.com/1406.html
浙江工业大学之江学院,https://daxue.911cha.com/1515.html
浙江师范大学行知学院,https://daxue.911cha.com/1516.html
宁波大学科学技术学院,https://daxue.911cha.com/1517.html
杭州电子科技大学信息工程学院,https://daxue.911cha.com/1518.html
浙江理工大学科技与艺术学院,https://daxue.911cha.com/1519.html
浙江海洋学院东海科学技术学院,https://daxue.911cha.com/1520.html
浙江农林大学天目学院,https://daxue.911cha.com/1521.html
温州医科大学仁济学院,https://daxue.911cha.com/1522.html
浙江中医药大学滨江学院,https://daxue.911cha.com/1523.html
杭州师范大学钱江学院,https://daxue.911cha.com/1524.html
湖州师范学院求真学院,https://daxue.911cha.com/1525.html
绍兴文理学院元培学院,https://daxue.911cha.com/1526.html
温州大学瓯江学院,https://daxue.911cha.com/1527.html
浙江工商大学杭州商学院,https://daxue.911cha.com/1528.html
嘉兴学院南湖学院,https://daxue.911cha.com/1529.html
中国计量学院现代科技学院,https://daxue.911cha.com/1530.html
浙江财经大学东方学院,https://daxue.911cha.com/1531.html
宁波天一职业技术学院,https://daxue.911cha.com/1824.html
浙江长征职业技术学院,https://daxue.911cha.com/1904.html
中国科学技术大学,https://daxue.911cha.com/273.html
合肥工业大学,https://daxue.911cha.com/274.html
安徽大学,https://daxue.911cha.com/272.html
安徽师范大学,https://daxue.911cha.com/283.html
安徽医科大学,https://daxue.911cha.com/279.html
安徽农业大学,https://daxue.911cha.com/278.html
安徽理工大学,https://daxue.911cha.com/276.html
安徽工业大学,https://daxue.911cha.com/275.html
安徽财经大学,https://daxue.911cha.com/290.html
安徽工程大学,https://daxue.911cha.com/277.html
安徽中医药大学,https://daxue.911cha.com/282.html
安徽建筑大学,https://daxue.911cha.com/641.html
淮北师范大学,https://daxue.911cha.com/286.html
皖南医学院,https://daxue.911cha.com/281.html
阜阳师范学院,https://daxue.911cha.com/284.html
蚌埠医学院,https://daxue.911cha.com/280.html
安庆师范学院,https://daxue.911cha.com/285.html
皖西学院,https://daxue.911cha.com/288.html
安徽科技学院,https://daxue.911cha.com/642.html
淮南师范学院,https://daxue.911cha.com/293.html
合肥师范学院,https://daxue.911cha.com/1952.html
合肥学院,https://daxue.911cha.com/684.html
铜陵学院,https://daxue.911cha.com/294.html
滁州学院,https://daxue.911cha.com/289.html
黄山学院,https://daxue.911cha.com/287.html
池州学院,https://daxue.911cha.com/731.html
宿州学院,https://daxue.911cha.com/291.html
巢湖学院,https://daxue.911cha.com/292.html
蚌埠学院,https://daxue.911cha.com/730.html
安徽职业技术学院,https://daxue.911cha.com/635.html
安徽三联学院,https://daxue.911cha.com/657.html
淮北职业技术学院,https://daxue.911cha.com/659.html
芜湖职业技术学院,https://daxue.911cha.com/685.html
淮南联合大学,https://daxue.911cha.com/732.html
安徽商贸职业技术学院,https://daxue.911cha.com/927.html
安徽水利水电职业技术学院,https://daxue.911cha.com/928.html
阜阳职业技术学院,https://daxue.911cha.com/929.html
安徽新华学院,https://daxue.911cha.com/941.html
铜陵职业技术学院,https://daxue.911cha.com/942.html
民办万博科技职业学院,https://daxue.911cha.com/943.html
安徽警官职业学院,https://daxue.911cha.com/944.html
淮南职业技术学院,https://daxue.911cha.com/945.html
安徽工业经济职业技术学院,https://daxue.911cha.com/967.html
蚌埠坦克学院,https://daxue.911cha.com/990.html
炮兵学院,https://daxue.911cha.com/992.html
合肥通用职业技术学院,https://daxue.911cha.com/994.html
安徽文达信息工程学院,https://daxue.911cha.com/1218.html
安徽工贸职业技术学院,https://daxue.911cha.com/1219.html
宿州职业技术学院,https://daxue.911cha.com/1220.html
六安职业技术学院,https://daxue.911cha.com/1221.html
安徽电子信息职业技术学院,https://daxue.911cha.com/1222.html
民办合肥经济技术职业学院,https://daxue.911cha.com/1223.html
安徽交通职业技术学院,https://daxue.911cha.com/1224.html
安徽体育运动职业技术学院,https://daxue.911cha.com/1225.html
安徽医学高等专科学校,https://daxue.911cha.com/1319.html
亳州师范高等专科学校,https://daxue.911cha.com/1320.html
合肥职业技术学院,https://daxue.911cha.com/1425.html
滁州职业技术学院,https://daxue.911cha.com/1426.html
池州职业技术学院,https://daxue.911cha.com/1427.html
宣城职业技术学院,https://daxue.911cha.com/1428.html
安徽广播影视职业技术学院,https://daxue.911cha.com/1429.html
民办合肥滨湖职业技术学院,https://daxue.911cha.com/1430.html
安徽外国语学院,https://daxue.911cha.com/1431.html
安徽电气工程职业技术学院,https://daxue.911cha.com/1557.html
安徽冶金科技职业学院,https://daxue.911cha.com/1558.html
安徽城市管理职业学院,https://daxue.911cha.com/1559.html
安徽机电职业技术学院,https://daxue.911cha.com/1560.html
安徽工商职业学院,https://daxue.911cha.com/1561.html
安徽中澳科技职业学院,https://daxue.911cha.com/1562.html
阜阳科技职业学院,https://daxue.911cha.com/1563.html
亳州职业技术学院,https://daxue.911cha.com/1564.html
安徽国防科技职业学院,https://daxue.911cha.com/1565.html
安庆职业技术学院,https://daxue.911cha.com/1566.html
安徽艺术职业学院,https://daxue.911cha.com/1567.html
安徽财经大学商学院,https://daxue.911cha.com/1705.html
安徽大学江淮学院,https://daxue.911cha.com/1706.html
安徽工程大学机电学院,https://daxue.911cha.com/1707.html
安徽工业大学工商学院,https://daxue.911cha.com/1708.html
安徽建筑大学城市建设学院,https://daxue.911cha.com/1709.html
安徽农业大学经济技术学院,https://daxue.911cha.com/1710.html
安徽师范大学皖江学院,https://daxue.911cha.com/1711.html
安徽医科大学临床医学院,https://daxue.911cha.com/1712.html
阜阳师范学院信息工程学院,https://daxue.911cha.com/1713.html
淮北师范大学信息学院,https://daxue.911cha.com/1714.html
马鞍山师范高等专科学校,https://daxue.911cha.com/1841.html
安徽财贸职业学院,https://daxue.911cha.com/1913.html
安徽国际商务职业学院,https://daxue.911cha.com/1914.html
安徽公安职业学院,https://daxue.911cha.com/1915.html
安徽林业职业技术学院,https://daxue.911cha.com/1916.html
安徽审计职业学院,https://daxue.911cha.com/1917.html
安徽新闻出版职业技术学院,https://daxue.911cha.com/1918.html
安徽邮电职业技术学院,https://daxue.911cha.com/1919.html
安徽工业职业技术学院,https://daxue.911cha.com/1920.html
厦门大学,https://daxue.911cha.com/295.html
福州大学,https://daxue.911cha.com/297.html
福建师范大学,https://daxue.911cha.com/303.html
福建农林大学,https://daxue.911cha.com/299.html
华侨大学,https://daxue.911cha.com/296.html
福建医科大学,https://daxue.911cha.com/301.html
集美大学,https://daxue.911cha.com/300.html
福建中医药大学,https://daxue.911cha.com/302.html
闽南师范大学,https://daxue.911cha.com/308.html
泉州师范学院,https://daxue.911cha.com/307.html
福建工程学院,https://daxue.911cha.com/298.html
厦门理工学院,https://daxue.911cha.com/686.html
闽江学院,https://daxue.911cha.com/304.html
莆田学院,https://daxue.911cha.com/791.html
宁德师范学院,https://daxue.911cha.com/306.html
武夷学院,https://daxue.911cha.com/305.html
三明学院,https://daxue.911cha.com/733.html
龙岩学院,https://daxue.911cha.com/734.html
福建江夏学院,https://daxue.911cha.com/1844.html
福建船政交通职业学院,https://daxue.911cha.com/632.html
福建商业高等专科学校,https://daxue.911cha.com/735.html
漳州职业技术学院,https://daxue.911cha.com/736.html
闽西职业技术学院,https://daxue.911cha.com/737.html
黎明职业大学,https://daxue.911cha.com/738.html
福建警察学院,https://daxue.911cha.com/790.html
福建华南女子职业学院,https://daxue.911cha.com/792.html
福州职业技术学院,https://daxue.911cha.com/794.html
仰恩大学,https://daxue.911cha.com/858.html
福建林业职业技术学院,https://daxue.911cha.com/1070.html
福建信息职业技术学院,https://daxue.911cha.com/1071.html
福建水利电力职业技术学院,https://daxue.911cha.com/1072.html
福建电力职业技术学院,https://daxue.911cha.com/1073.html
厦门海洋职业技术学院,https://daxue.911cha.com/1074.html
福建农业职业技术学院,https://daxue.911cha.com/1075.html
泉州医学高等专科学校,https://daxue.911cha.com/1076.html
福州英华职业学院,https://daxue.911cha.com/1120.html
厦门华厦职业学院,https://daxue.911cha.com/1121.html
闽南理工学院,https://daxue.911cha.com/1122.html
泉州纺织服装职业学院,https://daxue.911cha.com/1123.html
泉州华光职业学院,https://daxue.911cha.com/1321.html
泉州理工职业学院,https://daxue.911cha.com/1322.html
福建师范大学闽南科技学院,https://daxue.911cha.com/1383.html
福建农林大学东方学院,https://daxue.911cha.com/1384.html
华侨大学厦门工学院,https://daxue.911cha.com/1458.html
福州大学阳光学院,https://daxue.911cha.com/1619.html
厦门大学嘉庚学院,https://daxue.911cha.com/1620.html
集美大学诚毅学院,https://daxue.911cha.com/1621.html
福建师范大学协和学院,https://daxue.911cha.com/1622.html
福建警官职业学院,https://daxue.911cha.com/1815.html
福州外语外贸学院,https://daxue.911cha.com/1843.html
闽北职业技术学院,https://daxue.911cha.com/1845.html
福州黎明职业技术学院,https://daxue.911cha.com/1846.html
泉州信息职业技术学院,https://daxue.911cha.com/1847.html
厦门演艺职业学院,https://daxue.911cha.com/1848.html
厦门华天涉外职业技术学院,https://daxue.911cha.com/1849.html
福州科技职业技术学院,https://daxue.911cha.com/1850.html
泉州经贸职业技术学院,https://daxue.911cha.com/1851.html
福建对外经济贸易职业技术学院,https://daxue.911cha.com/1852.html
湄洲湾职业技术学院,https://daxue.911cha.com/1853.html
福州海峡职业技术学院,https://daxue.911cha.com/1854.html
南昌大学,https://daxue.911cha.com/309.html
江西师范大学,https://daxue.911cha.com/318.html
江西财经大学,https://daxue.911cha.com/323.html
江西农业大学,https://daxue.911cha.com/315.html
江西理工大学,https://daxue.911cha.com/313.html
景德镇陶瓷学院,https://daxue.911cha.com/314.html
东华理工大学,https://daxue.911cha.com/311.html
华东交通大学,https://daxue.911cha.com/310.html
南昌航空大学,https://daxue.911cha.com/312.html
赣南师范学院,https://daxue.911cha.com/321.html
江西中医药大学,https://daxue.911cha.com/316.html
井冈山大学,https://daxue.911cha.com/322.html
九江学院,https://daxue.911cha.com/890.html
赣南医学院,https://daxue.911cha.com/317.html
上饶师范学院,https://daxue.911cha.com/319.html
江西科技师范大学,https://daxue.911cha.com/739.html
宜春学院,https://daxue.911cha.com/320.html
南昌工程学院,https://daxue.911cha.com/740.html
新余学院,https://daxue.911cha.com/797.html
南昌师范学院,https://daxue.911cha.com/1958.html
萍乡学院,https://daxue.911cha.com/645.html
景德镇学院,https://daxue.911cha.com/644.html
江西工业职业技术学院,https://daxue.911cha.com/610.html
江西科技学院,https://daxue.911cha.com/615.html
江西医学院上饶分院,https://daxue.911cha.com/643.html
江西警察学院,https://daxue.911cha.com/795.html
九江职业大学,https://daxue.911cha.com/796.html
九江职业技术学院,https://daxue.911cha.com/859.html
江西渝州科技职业学院,https://daxue.911cha.com/1176.html
江西司法警官职业学院,https://daxue.911cha.com/1323.html
江西陶瓷工艺美术职业技术学院,https://daxue.911cha.com/1324.html
江西旅游商贸职业学院,https://daxue.911cha.com/1326.html
江西电力职业技术学院,https://daxue.911cha.com/1327.html
江西环境工程职业学院,https://daxue.911cha.com/1328.html
江西艺术职业学院,https://daxue.911cha.com/1329.html
鹰潭职业技术学院,https://daxue.911cha.com/1330.html
江西城市职业学院,https://daxue.911cha.com/1331.html
江西信息应用职业技术学院,https://daxue.911cha.com/1332.html
江西交通职业技术学院,https://daxue.911cha.com/1333.html
江西财经职业学院,https://daxue.911cha.com/1334.html
江西应用技术职业学院,https://daxue.911cha.com/1335.html
江西现代职业技术学院,https://daxue.911cha.com/1336.html
江西工程职业学院,https://daxue.911cha.com/1337.html
江西机电职业技术学院,https://daxue.911cha.com/1367.html
江西服装学院,https://daxue.911cha.com/1590.html
江西科技职业学院,https://daxue.911cha.com/1591.html
南昌职业学院,https://daxue.911cha.com/1592.html
南昌工学院,https://daxue.911cha.com/1593.html
江西外语外贸职业学院,https://daxue.911cha.com/1594.html
江西工业贸易职业技术学院,https://daxue.911cha.com/1595.html
宜春职业技术学院,https://daxue.911cha.com/1596.html
江西应用工程职业学院,https://daxue.911cha.com/1597.html
江西生物科技职业学院,https://daxue.911cha.com/1598.html
江西建设职业技术学院,https://daxue.911cha.com/1599.html
抚州职业技术学院,https://daxue.911cha.com/1600.html
南昌大学科学技术学院,https://daxue.911cha.com/1601.html
南昌大学共青学院,https://daxue.911cha.com/1602.html
华东交通大学理工学院,https://daxue.911cha.com/1603.html
南昌航空大学科技学院,https://daxue.911cha.com/1604.html
江西理工大学应用科学学院,https://daxue.911cha.com/1605.html
景德镇陶瓷学院科技艺术学院,https://daxue.911cha.com/1606.html
江西农业大学南昌商学院,https://daxue.911cha.com/1607.html
江西中医药大学科技学院,https://daxue.911cha.com/1608.html
江西师范大学科学技术学院,https://daxue.911cha.com/1609.html
赣南师范学院科技学院,https://daxue.911cha.com/1610.html
江西科技师范学院理工学院,https://daxue.911cha.com/1611.html
江西财经大学现代经济管理学院,https://daxue.911cha.com/1612.html
南昌师范高等专科学校,https://daxue.911cha.com/1855.html
江西中医药高等专科学校,https://daxue.911cha.com/1856.html
江西先锋软件职业技术学院,https://daxue.911cha.com/1857.html
江西经济管理职业学院,https://daxue.911cha.com/1929.html
江西制造职业技术学院,https://daxue.911cha.com/1930.html
江西工业工程职业技术学院,https://daxue.911cha.com/1931.html
江西青年职业学院,https://daxue.911cha.com/1932.html
上饶职业技术学院,https://daxue.911cha.com/1933.html
江西航空职业技术学院,https://daxue.911cha.com/1934.html
江西农业工程职业学院,https://daxue.911cha.com/1935.html
赣西科技职业学院,https://daxue.911cha.com/1936.html
东华理工大学长江学院,https://daxue.911cha.com/1944.html
山东大学,https://daxue.911cha.com/324.html
中国海洋大学,https://daxue.911cha.com/325.html
山东师范大学,https://daxue.911cha.com/342.html
山东农业大学,https://daxue.911cha.com/333.html
山东科技大学,https://daxue.911cha.com/326.html
青岛大学,https://daxue.911cha.com/687.html
青岛科技大学,https://daxue.911cha.com/327.html
曲阜师范大学,https://daxue.911cha.com/343.html
济南大学,https://daxue.911cha.com/328.html
烟台大学,https://daxue.911cha.com/688.html
青岛理工大学,https://daxue.911cha.com/329.html
山东财经大学,https://daxue.911cha.com/352.html
山东理工大学,https://daxue.911cha.com/332.html
山东中医药大学,https://daxue.911cha.com/338.html
聊城大学,https://daxue.911cha.com/344.html
山东建筑大学,https://daxue.911cha.com/330.html
青岛农业大学,https://daxue.911cha.com/334.html
鲁东大学,https://daxue.911cha.com/347.html
齐鲁工业大学,https://daxue.911cha.com/331.html
临沂大学,https://daxue.911cha.com/348.html
潍坊医学院,https://daxue.911cha.com/335.html
泰山医学院,https://daxue.911cha.com/336.html
山东工商学院,https://daxue.911cha.com/847.html
滨州医学院,https://daxue.911cha.com/337.html
德州学院,https://daxue.911cha.com/345.html
济宁医学院,https://daxue.911cha.com/340.html
潍坊学院,https://daxue.911cha.com/689.html
山东交通学院,https://daxue.911cha.com/798.html
滨州学院,https://daxue.911cha.com/346.html
泰山学院,https://daxue.911cha.com/349.html
枣庄学院,https://daxue.911cha.com/646.html
菏泽学院,https://daxue.911cha.com/351.html
山东政法学院,https://daxue.911cha.com/1955.html
济宁学院,https://daxue.911cha.com/350.html
山东青年政治学院,https://daxue.911cha.com/1962.html
齐鲁师范学院,https://daxue.911cha.com/1967.html
山东女子学院,https://daxue.911cha.com/1971.html
山东管理学院,https://daxue.911cha.com/1972.html
山东农业工程学院,https://daxue.911cha.com/1973.html
山东医学高等专科学校,https://daxue.911cha.com/339.html
菏泽医学专科学校,https://daxue.911cha.com/341.html
山东体育学院,https://daxue.911cha.com/353.html
山东艺术学院,https://daxue.911cha.com/354.html
山东万杰医学院,https://daxue.911cha.com/598.html
山东商业职业技术学院,https://daxue.911cha.com/605.html
青岛滨海学院,https://daxue.911cha.com/634.html
山东工艺美术学院,https://daxue.911cha.com/647.html
山东警察学院,https://daxue.911cha.com/741.html
山东电力高等专科学校,https://daxue.911cha.com/879.html
日照职业技术学院,https://daxue.911cha.com/920.html
曲阜远东职业技术学院,https://daxue.911cha.com/926.html
青岛职业技术学院,https://daxue.911cha.com/959.html
威海职业学院,https://daxue.911cha.com/961.html
济南铁道职业技术学院,https://daxue.911cha.com/963.html
山东劳动职业技术学院,https://daxue.911cha.com/964.html
莱芜职业技术学院,https://daxue.911cha.com/965.html
烟台南山学院,https://daxue.911cha.com/966.html
济宁职业技术学院,https://daxue.911cha.com/968.html
潍坊职业学院,https://daxue.911cha.com/986.html
烟台职业学院,https://daxue.911cha.com/988.html
东营职业学院,https://daxue.911cha.com/1000.html
聊城职业技术学院,https://daxue.911cha.com/1001.html
滨州职业学院,https://daxue.911cha.com/1226.html
山东科技职业学院,https://daxue.911cha.com/1227.html
山东服装职业学院,https://daxue.911cha.com/1249.html
德州科技职业学院,https://daxue.911cha.com/1250.html
潍坊科技学院,https://daxue.911cha.com/1251.html
山东力明科技职业学院,https://daxue.911cha.com/1252.html
山东圣翰财贸职业学院,https://daxue.911cha.com/1338.html
山东水利职业学院,https://daxue.911cha.com/1339.html
山东畜牧兽医职业学院,https://daxue.911cha.com/1340.html
青岛飞洋职业技术学院,https://daxue.911cha.com/1388.html
山东英才学院,https://daxue.911cha.com/1389.html
山东大王职业学院,https://daxue.911cha.com/1390.html
山东交通职业学院,https://daxue.911cha.com/1391.html
淄博职业学院,https://daxue.911cha.com/1392.html
山东外贸职业学院,https://daxue.911cha.com/1393.html
青岛酒店管理职业技术学院,https://daxue.911cha.com/1394.html
山东信息职业技术学院,https://daxue.911cha.com/1395.html
淄博科技职业学院,https://daxue.911cha.com/1396.html
青岛港湾职业技术学院,https://daxue.911cha.com/1397.html
青岛恒星职业技术学院,https://daxue.911cha.com/1398.html
山东胜利职业学院,https://daxue.911cha.com/1541.html
山东经贸职业学院,https://daxue.911cha.com/1542.html
山东工业职业学院,https://daxue.911cha.com/1543.html
山东化工职业学院,https://daxue.911cha.com/1544.html
青岛黄海学院,https://daxue.911cha.com/1545.html
青岛求实职业技术学院,https://daxue.911cha.com/1546.html
山东现代职业学院,https://daxue.911cha.com/1547.html
济南职业学院,https://daxue.911cha.com/1548.html
山东协和学院,https://daxue.911cha.com/1549.html
烟台大学文经学院,https://daxue.911cha.com/1568.html
青岛理工大学琴岛学院,https://daxue.911cha.com/1569.html
中国石油大学胜利学院,https://daxue.911cha.com/1570.html
山东科技大学泰山科技学院,https://daxue.911cha.com/1718.html
淄博师范高等专科学校,https://daxue.911cha.com/1858.html
山东中医药高等专科学校,https://daxue.911cha.com/1859.html
济南工程职业技术学院,https://daxue.911cha.com/1921.html
山东电子职业技术学院,https://daxue.911cha.com/1922.html
山东华宇职业技术学院,https://daxue.911cha.com/1923.html
山东旅游职业学院,https://daxue.911cha.com/1924.html
山东铝业职业学院,https://daxue.911cha.com/1925.html
山东杏林科技职业学院,https://daxue.911cha.com/1926.html
泰山职业技术学院,https://daxue.911cha.com/1927.html
山东外事翻译职业学院,https://daxue.911cha.com/1937.html
郑州大学,https://daxue.911cha.com/355.html
河南大学,https://daxue.911cha.com/366.html
河南农业大学,https://daxue.911cha.com/361.html
河南理工大学,https://daxue.911cha.com/356.html
河南师范大学,https://daxue.911cha.com/367.html
河南工业大学,https://daxue.911cha.com/358.html
华北水利水电大学,https://daxue.911cha.com/68.html
河南科技大学,https://daxue.911cha.com/359.html
河南中医学院,https://daxue.911cha.com/364.html
郑州轻工业学院,https://daxue.911cha.com/357.html
新乡医学院,https://daxue.911cha.com/365.html
商丘师范学院,https://daxue.911cha.com/374.html
中原工学院,https://daxue.911cha.com/360.html
信阳师范学院,https://daxue.911cha.com/368.html
南阳师范学院,https://daxue.911cha.com/372.html
河南财经政法大学,https://daxue.911cha.com/375.html
南阳理工学院,https://daxue.911cha.com/838.html
安阳工学院,https://daxue.911cha.com/744.html
河南城建学院,https://daxue.911cha.com/853.html
洛阳师范学院,https://daxue.911cha.com/373.html
郑州航空工业管理学院,https://daxue.911cha.com/376.html
河南科技学院,https://daxue.911cha.com/362.html
安阳师范学院,https://daxue.911cha.com/370.html
许昌学院,https://daxue.911cha.com/371.html
周口师范学院,https://daxue.911cha.com/369.html
河南牧业经济学院,https://daxue.911cha.com/363.html
平顶山学院,https://daxue.911cha.com/649.html
黄淮学院,https://daxue.911cha.com/648.html
新乡学院,https://daxue.911cha.com/693.html
信阳农林学院,https://daxue.911cha.com/742.html
郑州师范学院,https://daxue.911cha.com/1966.html
洛阳理工学院,https://daxue.911cha.com/692.html
河南工程学院,https://daxue.911cha.com/799.html
河南职业技术学院,https://daxue.911cha.com/597.html
漯河职业技术学院,https://daxue.911cha.com/608.html
三门峡职业技术学院,https://daxue.911cha.com/612.html
郑州铁路职业技术学院,https://daxue.911cha.com/613.html
中州大学,https://daxue.911cha.com/690.html
开封大学,https://daxue.911cha.com/691.html
河南机电高等专科学校,https://daxue.911cha.com/743.html
焦作大学,https://daxue.911cha.com/800.html
河南商业高等专科学校,https://daxue.911cha.com/836.html
河南财政税务高等专科学校,https://daxue.911cha.com/837.html
濮阳职业技术学院,https://daxue.911cha.com/860.html
河南警察学院,https://daxue.911cha.com/861.html
郑州电力高等专科学校,https://daxue.911cha.com/880.html
黄河科技学院,https://daxue.911cha.com/884.html
黄河水利职业技术学院,https://daxue.911cha.com/916.html
许昌职业技术学院,https://daxue.911cha.com/924.html
铁道警察学院,https://daxue.911cha.com/1146.html
商丘职业技术学院,https://daxue.911cha.com/1156.html
郑州科技学院,https://daxue.911cha.com/1157.html
郑州华信学院,https://daxue.911cha.com/1158.html
平顶山工业职业技术学院,https://daxue.911cha.com/1159.html
周口职业技术学院,https://daxue.911cha.com/1161.html
济源职业技术学院,https://daxue.911cha.com/1178.html
河南司法警官职业学院,https://daxue.911cha.com/1190.html
鹤壁职业技术学院,https://daxue.911cha.com/1202.html
河南工业职业技术学院,https://daxue.911cha.com/1203.html
郑州澍青医学高等专科学校,https://daxue.911cha.com/1341.html
郑州经贸职业学院,https://daxue.911cha.com/1623.html
郑州交通职业学院,https://daxue.911cha.com/1624.html
河南检察职业学院,https://daxue.911cha.com/1625.html
商丘工学院,https://daxue.911cha.com/1626.html
河南大学民生学院,https://daxue.911cha.com/1627.html
河南师范大学新联学院,https://daxue.911cha.com/1628.html
信阳师范学院华锐学院,https://daxue.911cha.com/1629.html
安阳师范学院人文管理学院,https://daxue.911cha.com/1630.html
新乡医学院三全学院,https://daxue.911cha.com/1631.html
河南科技学院新科学院,https://daxue.911cha.com/1632.html
河南理工大学万方科技学院,https://daxue.911cha.com/1633.html
中原工学院信息商务学院,https://daxue.911cha.com/1634.html
河南质量工程职业学院,https://daxue.911cha.com/1665.html
郑州信息科技职业学院,https://daxue.911cha.com/1666.html
漯河医学高等专科学校,https://daxue.911cha.com/1861.html
南阳医学高等专科学校,https://daxue.911cha.com/1862.html
商丘医学高等专科学校,https://daxue.911cha.com/1863.html
郑州电子信息职业技术学院,https://daxue.911cha.com/1864.html
信阳职业技术学院,https://daxue.911cha.com/1865.html
嵩山少林武术职业学院,https://daxue.911cha.com/1866.html
郑州工业安全职业学院,https://daxue.911cha.com/1867.html
永城职业学院,https://daxue.911cha.com/1868.html
河南经贸职业学院,https://daxue.911cha.com/1869.html
河南交通职业技术学院,https://daxue.911cha.com/1870.html
河南农业职业学院,https://daxue.911cha.com/1871.html
郑州旅游职业学院,https://daxue.911cha.com/1872.html
郑州职业技术学院,https://daxue.911cha.com/1873.html
武汉大学,https://daxue.911cha.com/377.html
华中科技大学,https://daxue.911cha.com/378.html
华中师范大学,https://daxue.911cha.com/389.html
中国地质大学,https://daxue.911cha.com/382.html
华中农业大学,https://daxue.911cha.com/387.html
武汉理工大学,https://daxue.911cha.com/385.html
中南财经政法大学,https://daxue.911cha.com/396.html
湖北大学,https://daxue.911cha.com/390.html
武汉科技大学,https://daxue.911cha.com/379.html
长江大学,https://daxue.911cha.com/380.html
武汉纺织大学,https://daxue.911cha.com/383.html
中南民族大学,https://daxue.911cha.com/399.html
湖北工业大学,https://daxue.911cha.com/386.html
武汉工程大学,https://daxue.911cha.com/381.html
三峡大学,https://daxue.911cha.com/696.html
湖北中医药大学,https://daxue.911cha.com/388.html
武汉轻工大学,https://daxue.911cha.com/384.html
湖北民族学院,https://daxue.911cha.com/393.html
江汉大学,https://daxue.911cha.com/694.html
湖北文理学院,https://daxue.911cha.com/395.html
湖北汽车工业学院,https://daxue.911cha.com/400.html
湖北经济学院,https://daxue.911cha.com/822.html
湖北师范学院,https://daxue.911cha.com/391.html
湖北工程学院,https://daxue.911cha.com/1953.html
湖北科技学院,https://daxue.911cha.com/651.html
黄冈师范学院,https://daxue.911cha.com/392.html
湖北医药学院,https://daxue.911cha.com/652.html
湖北理工学院,https://daxue.911cha.com/650.html
武汉商学院,https://daxue.911cha.com/839.html
湖北第二师范学院,https://daxue.911cha.com/1968.html
荆楚理工学院,https://daxue.911cha.com/748.html
郧阳师范高等专科学校,https://daxue.911cha.com/394.html
武汉体育学院,https://daxue.911cha.com/397.html
湖北美术学院,https://daxue.911cha.com/398.html
孝感学院,https://daxue.911cha.com/401.html
武汉职业技术学院,https://daxue.911cha.com/607.html
黄冈职业技术学院,https://daxue.911cha.com/653.html
长江职业学院,https://daxue.911cha.com/654.html
荆州理工职业学院,https://daxue.911cha.com/695.html
湖北警官学院,https://daxue.911cha.com/745.html
湖北工业职业技术学院,https://daxue.911cha.com/746.html
鄂州职业大学,https://daxue.911cha.com/747.html
武汉音乐学院,https://daxue.911cha.com/801.html
湖北财经高等专科学校,https://daxue.911cha.com/862.html
武汉东湖学院,https://daxue.911cha.com/863.html
汉口学院,https://daxue.911cha.com/865.html
湖北职业技术学院,https://daxue.911cha.com/909.html
武汉船舶职业技术学院,https://daxue.911cha.com/910.html
华中科技大学武昌分校,https://daxue.911cha.com/955.html
武昌理工学院,https://daxue.911cha.com/956.html
恩施职业技术学院,https://daxue.911cha.com/972.html
襄阳职业技术学院,https://daxue.911cha.com/975.html
武汉生物工程学院,https://daxue.911cha.com/978.html
武汉工贸职业学院,https://daxue.911cha.com/981.html
荆州职业技术学院,https://daxue.911cha.com/1148.html
武汉工程职业技术学院,https://daxue.911cha.com/1149.html
仙桃职业学院,https://daxue.911cha.com/1151.html
湖北轻工职业技术学院,https://daxue.911cha.com/1155.html
湖北交通职业技术学院,https://daxue.911cha.com/1163.html
湖北中医药高等专科学校,https://daxue.911cha.com/1343.html
武汉航海职业技术学院,https://daxue.911cha.com/1344.html
武汉铁路职业技术学院,https://daxue.911cha.com/1368.html
武汉软件工程职业学院,https://daxue.911cha.com/1369.html
湖北三峡职业技术学院,https://daxue.911cha.com/1370.html
随州职业技术学院,https://daxue.911cha.com/1371.html
武汉电力职业技术学院,https://daxue.911cha.com/1372.html
湖北水利水电职业技术学院,https://daxue.911cha.com/1373.html
湖北城市建设职业技术学院,https://daxue.911cha.com/1374.html
武汉警官职业学院,https://daxue.911cha.com/1375.html
湖北生物科技职业学院,https://daxue.911cha.com/1376.html
湖北开放职业学院,https://daxue.911cha.com/1377.html
武汉科技职业学院,https://daxue.911cha.com/1378.html
武汉外语外事职业学院,https://daxue.911cha.com/1379.html
武汉信息传播职业技术学院,https://daxue.911cha.com/1380.html
武汉语言文化职业学院,https://daxue.911cha.com/1381.html
武汉商贸职业学院,https://daxue.911cha.com/1382.html
湖北大学知行学院,https://daxue.911cha.com/1490.html
武汉科技大学城市学院,https://daxue.911cha.com/1491.html
三峡大学科技学院,https://daxue.911cha.com/1492.html
江汉大学文理学院,https://daxue.911cha.com/1493.html
湖北工业大学工程技术学院,https://daxue.911cha.com/1494.html
武汉工程大学邮电与信息工程学院,https://daxue.911cha.com/1495.html
武汉纺织大学外经贸学院,https://daxue.911cha.com/1496.html
武昌工学院,https://daxue.911cha.com/1497.html
武汉长江工商学院,https://daxue.911cha.com/1498.html
长江大学工程技术学院,https://daxue.911cha.com/1499.html
长江大学文理学院,https://daxue.911cha.com/1500.html
湖北工业大学商贸学院,https://daxue.911cha.com/1501.html
湖北汽车工业学院科技学院,https://daxue.911cha.com/1502.html
湖北医药学院药护学院,https://daxue.911cha.com/1503.html
湖北民族学院科技学院,https://daxue.911cha.com/1504.html
湖北经济学院法商学院,https://daxue.911cha.com/1505.html
武汉体育学院体育科技学院,https://daxue.911cha.com/1506.html
湖北师范学院文理学院,https://daxue.911cha.com/1507.html
湖北文理学院理工学院,https://daxue.911cha.com/1508.html
孝感学院新技术学院,https://daxue.911cha.com/1509.html
华中科技大学文华学院,https://daxue.911cha.com/1510.html
湖北艺术职业学院,https://daxue.911cha.com/1511.html
武汉交通职业学院,https://daxue.911cha.com/1512.html
咸宁职业技术学院,https://daxue.911cha.com/1513.html
长江工程职业技术学院,https://daxue.911cha.com/1514.html
中南财经政法大学武汉学院,https://daxue.911cha.com/1724.html
中国地质大学江城学院,https://daxue.911cha.com/1753.html
武汉理工大学华夏学院,https://daxue.911cha.com/1755.html
华中师范大学武汉传媒学院,https://daxue.911cha.com/1775.html
江汉艺术职业学院,https://daxue.911cha.com/1874.html
武汉工业职业技术学院,https://daxue.911cha.com/1875.html
武汉民政职业学院,https://daxue.911cha.com/1876.html
鄂东职业技术学院,https://daxue.911cha.com/1877.html
湖北财税职业学院,https://daxue.911cha.com/1878.html
黄冈科技职业学院,https://daxue.911cha.com/1879.html
湖北国土资源职业学院,https://daxue.911cha.com/1880.html
湖北生态工程职业技术学院,https://daxue.911cha.com/1881.html
中南大学,"https://daxue.911cha.com/405.html"" class=""inlink"
湖南大学,"https://daxue.911cha.com/404.html"" class=""inlink"
湖南师范大学,"https://daxue.911cha.com/411.html"" class=""inlink"
湘潭大学,"https://daxue.911cha.com/402.html"" class=""inlink"
湖南农业大学,"https://daxue.911cha.com/408.html"" class=""inlink"
长沙理工大学,"https://daxue.911cha.com/407.html"" class=""inlink"
中南林业科技大学,"https://daxue.911cha.com/409.html"" class=""inlink"
湖南科技大学,"https://daxue.911cha.com/406.html"" class=""inlink"
湖南中医药大学,"https://daxue.911cha.com/410.html"" class=""inlink"
南华大学,"https://daxue.911cha.com/421.html"" class=""inlink"
吉首大学,"https://daxue.911cha.com/403.html"" class=""inlink"
湖南工业大学,"https://daxue.911cha.com/806.html"" class=""inlink"
湖南文理学院,"https://daxue.911cha.com/417.html"" class=""inlink"
长沙学院,"https://daxue.911cha.com/697.html"" class=""inlink"
衡阳师范学院,"https://daxue.911cha.com/414.html"" class=""inlink"
湖南工程学院,"https://daxue.911cha.com/749.html"" class=""inlink"
湖南商学院,"https://daxue.911cha.com/420.html"" class=""inlink"
湖南科技学院,"https://daxue.911cha.com/418.html"" class=""inlink"
邵阳学院,"https://daxue.911cha.com/415.html"" class=""inlink"
湘南学院,"https://daxue.911cha.com/413.html"" class=""inlink"
湖南财政经济学院,"https://daxue.911cha.com/804.html"" class=""inlink"
湖南工学院,"https://daxue.911cha.com/803.html"" class=""inlink"
怀化学院,"https://daxue.911cha.com/416.html"" class=""inlink"
湖南人文科技学院,"https://daxue.911cha.com/419.html"" class=""inlink"
湖南城市学院,"https://daxue.911cha.com/802.html"" class=""inlink"
湖南第一师范学院,"https://daxue.911cha.com/900.html"" class=""inlink"
湖南女子学院,"https://daxue.911cha.com/807.html"" class=""inlink"
湖南理工学院,"https://daxue.911cha.com/412.html"" class=""inlink"
长沙师范学院,"https://daxue.911cha.com/1886.html"" class=""inlink"
长沙医学院,"https://daxue.911cha.com/596.html"" class=""inlink"
长沙民政职业技术学院,"https://daxue.911cha.com/600.html"" class=""inlink"
湖南工业职业技术学院,"https://daxue.911cha.com/603.html"" class=""inlink"
湖南信息职业技术学院,"https://daxue.911cha.com/631.html"" class=""inlink"
湖南警察学院,"https://daxue.911cha.com/805.html"" class=""inlink"
长沙航空职业技术学院,"https://daxue.911cha.com/913.html"" class=""inlink"
怀化医学高等专科学校,"https://daxue.911cha.com/939.html"" class=""inlink"
湖南大众传媒职业技术学院,"https://daxue.911cha.com/948.html"" class=""inlink"
永州职业技术学院,"https://daxue.911cha.com/949.html"" class=""inlink"
湖南铁道职业技术学院,"https://daxue.911cha.com/950.html"" class=""inlink"
湖南涉外经济学院,"https://daxue.911cha.com/951.html"" class=""inlink"
湖南科技职业学院,"https://daxue.911cha.com/952.html"" class=""inlink"
湖南生物机电职业技术学院,"https://daxue.911cha.com/970.html"" class=""inlink"
湖南交通职业技术学院,"https://daxue.911cha.com/989.html"" class=""inlink"
湖南商务职业技术学院,"https://daxue.911cha.com/991.html"" class=""inlink"
湖南体育职业学院,"https://daxue.911cha.com/997.html"" class=""inlink"
湖南工程职业技术学院,"https://daxue.911cha.com/999.html"" class=""inlink"
保险职业学院,"https://daxue.911cha.com/1057.html"" class=""inlink"
湖南对外经济贸易职业学院,"https://daxue.911cha.com/1058.html"" class=""inlink"
湖南网络工程职业学院,"https://daxue.911cha.com/1059.html"" class=""inlink"
湘潭大学兴湘学院,"https://daxue.911cha.com/1060.html"" class=""inlink"
邵阳职业技术学院,"https://daxue.911cha.com/1061.html"" class=""inlink"
湖南司法警官职业学院,"https://daxue.911cha.com/1062.html"" class=""inlink"
长沙商贸旅游职业技术学院,"https://daxue.911cha.com/1063.html"" class=""inlink"
湖南工业大学科技学院,"https://daxue.911cha.com/1064.html"" class=""inlink"
湖南科技大学潇湘学院,"https://daxue.911cha.com/1087.html"" class=""inlink"
南华大学船山学院,"https://daxue.911cha.com/1088.html"" class=""inlink"
湖南商学院北津学院,"https://daxue.911cha.com/1089.html"" class=""inlink"
湖南师范大学树达学院,"https://daxue.911cha.com/1090.html"" class=""inlink"
湖南农业大学东方科技学院,"https://daxue.911cha.com/1091.html"" class=""inlink"
中南林业科技大学涉外学院,"https://daxue.911cha.com/1092.html"" class=""inlink"
湖南文理学院芙蓉学院,"https://daxue.911cha.com/1093.html"" class=""inlink"
湖南理工学院南湖学院,"https://daxue.911cha.com/1094.html"" class=""inlink"
衡阳师范学院南岳学院,"https://daxue.911cha.com/1095.html"" class=""inlink"
湖南工程学院应用技术学院,"https://daxue.911cha.com/1096.html"" class=""inlink"
湖南中医药大学湘杏学院,"https://daxue.911cha.com/1097.html"" class=""inlink"
吉首大学张家界学院,"https://daxue.911cha.com/1098.html"" class=""inlink"
湖南环境生物职业技术学院,"https://daxue.911cha.com/1150.html"" class=""inlink"
湖南邮电职业技术学院,"https://daxue.911cha.com/1253.html"" class=""inlink"
湘潭职业技术学院,"https://daxue.911cha.com/1254.html"" class=""inlink"
郴州职业技术学院,"https://daxue.911cha.com/1255.html"" class=""inlink"
娄底职业技术学院,"https://daxue.911cha.com/1256.html"" class=""inlink"
张家界航空工业职业技术学院,"https://daxue.911cha.com/1257.html"" class=""inlink"
长沙环境保护职业技术学院,"https://daxue.911cha.com/1407.html"" class=""inlink"
湖南艺术职业学院,"https://daxue.911cha.com/1408.html"" class=""inlink"
湖南机电职业技术学院,"https://daxue.911cha.com/1409.html"" class=""inlink"
长沙职业技术学院,"https://daxue.911cha.com/1410.html"" class=""inlink"
怀化职业技术学院,"https://daxue.911cha.com/1411.html"" class=""inlink"
岳阳职业技术学院,"https://daxue.911cha.com/1412.html"" class=""inlink"
常德职业技术学院,"https://daxue.911cha.com/1413.html"" class=""inlink"
长沙南方职业学院,"https://daxue.911cha.com/1414.html"" class=""inlink"
潇湘职业学院,"https://daxue.911cha.com/1415.html"" class=""inlink"
湖南化工职业技术学院,"https://daxue.911cha.com/1416.html"" class=""inlink"
湖南城建职业技术学院,"https://daxue.911cha.com/1417.html"" class=""inlink"
湖南石油化工职业技术学院,"https://daxue.911cha.com/1418.html"" class=""inlink"
长沙理工大学城南学院,"https://daxue.911cha.com/1725.html"" class=""inlink"
湖南中医药高等专科学校,"https://daxue.911cha.com/1882.html"" class=""inlink"
邵阳医学高等专科学校,"https://daxue.911cha.com/1883.html"" class=""inlink"
湖南民族职业学院,"https://daxue.911cha.com/1884.html"" class=""inlink"
湘西民族职业技术学院,"https://daxue.911cha.com/1885.html"" class=""inlink"
衡阳财经工业职业技术学院,"https://daxue.911cha.com/1887.html"" class=""inlink"
益阳职业技术学院,"https://daxue.911cha.com/1888.html"" class=""inlink"
湖南同德职业学院,"https://daxue.911cha.com/1889.html"" class=""inlink"
湖南信息科学职业学院,"https://daxue.911cha.com/1941.html"" class=""inlink"
中山大学,https://daxue.911cha.com/422.html
华南理工大学,https://daxue.911cha.com/425.html
暨南大学,https://daxue.911cha.com/423.html
华南师范大学,https://daxue.911cha.com/432.html
华南农业大学,https://daxue.911cha.com/426.html
深圳大学,https://daxue.911cha.com/444.html
南方医科大学,https://daxue.911cha.com/936.html
广州中医药大学,https://daxue.911cha.com/430.html
广州大学,https://daxue.911cha.com/698.html
汕头大学,https://daxue.911cha.com/424.html
广东工业大学,https://daxue.911cha.com/891.html
广东外语外贸大学,https://daxue.911cha.com/892.html
广州医科大学,https://daxue.911cha.com/428.html
广东财经大学,https://daxue.911cha.com/445.html
广东医学院,https://daxue.911cha.com/429.html
广东药学院,https://daxue.911cha.com/431.html
广东海洋大学,https://daxue.911cha.com/427.html
五邑大学,https://daxue.911cha.com/751.html
湛江师范学院,https://daxue.911cha.com/436.html
东莞理工学院,https://daxue.911cha.com/874.html
韶关学院,https://daxue.911cha.com/433.html
惠州学院,https://daxue.911cha.com/434.html
广东技术师范学院,https://daxue.911cha.com/442.html
仲恺农业工程学院,https://daxue.911cha.com/750.html
广东金融学院,https://daxue.911cha.com/808.html
嘉应学院,https://daxue.911cha.com/438.html
佛山科学技术学院,https://daxue.911cha.com/893.html
肇庆学院,https://daxue.911cha.com/437.html
韩山师范学院,https://daxue.911cha.com/435.html
广东石油化工学院,https://daxue.911cha.com/840.html
广州航海学院,https://daxue.911cha.com/709.html
广东第二师范学院,https://daxue.911cha.com/1961.html
广州体育学院,https://daxue.911cha.com/439.html
广州美术学院,https://daxue.911cha.com/440.html
星海音乐学院,https://daxue.911cha.com/441.html
广东白云学院,https://daxue.911cha.com/595.html
顺德职业技术学院,https://daxue.911cha.com/604.html
广东轻工职业技术学院,https://daxue.911cha.com/606.html
广东交通职业技术学院,https://daxue.911cha.com/627.html
广东水利电力职业技术学院,https://daxue.911cha.com/628.html
潮汕职业技术学院,https://daxue.911cha.com/661.html
广东警官学院,https://daxue.911cha.com/710.html
深圳职业技术学院,https://daxue.911cha.com/711.html
民办南华工商学院,https://daxue.911cha.com/712.html
私立华联学院,https://daxue.911cha.com/715.html
电子科技大学中山学院,https://daxue.911cha.com/809.html
广东财经职业学院,https://daxue.911cha.com/898.html
广州民航职业技术学院,https://daxue.911cha.com/902.html
广州番禺职业技术学院,https://daxue.911cha.com/904.html
广东培正学院,https://daxue.911cha.com/917.html
广东松山职业技术学院,https://daxue.911cha.com/918.html
广东农工商职业技术学院,https://daxue.911cha.com/958.html
广东新安职业技术学院,https://daxue.911cha.com/960.html
佛山职业技术学院,https://daxue.911cha.com/962.html
广东科学技术职业学院,https://daxue.911cha.com/1038.html
广东食品药品职业学院,https://daxue.911cha.com/1039.html
南海东软信息技术职业学院,https://daxue.911cha.com/1040.html
广州康大职业技术学院,https://daxue.911cha.com/1041.html
珠海艺术职业学院,https://daxue.911cha.com/1042.html
广东行政职业学院,https://daxue.911cha.com/1043.html
广东体育职业技术学院,https://daxue.911cha.com/1044.html
广东纺织职业技术学院,https://daxue.911cha.com/1147.html
广东建设职业技术学院,https://daxue.911cha.com/1152.html
广东女子职业技术学院,https://daxue.911cha.com/1153.html
广东机电职业技术学院,https://daxue.911cha.com/1154.html
广东岭南职业技术学院,https://daxue.911cha.com/1160.html
汕尾职业技术学院,https://daxue.911cha.com/1175.html
罗定职业技术学院,https://daxue.911cha.com/1179.html
阳江职业技术学院,https://daxue.911cha.com/1180.html
河源职业技术学院,https://daxue.911cha.com/1181.html
广东邮电职业技术学院,https://daxue.911cha.com/1345.html
汕头职业技术学院,https://daxue.911cha.com/1346.html
揭阳职业技术学院,https://daxue.911cha.com/1347.html
深圳信息职业技术学院,https://daxue.911cha.com/1348.html
清远职业技术学院,https://daxue.911cha.com/1349.html
广东工贸职业技术学院,https://daxue.911cha.com/1350.html
广东司法警官职业学院,https://daxue.911cha.com/1351.html
广东亚视演艺职业学院,https://daxue.911cha.com/1352.html
广东省外语艺术职业学院,https://daxue.911cha.com/1353.html
北京师范大学珠海分校,https://daxue.911cha.com/1475.html
海军广州舰艇学院,https://daxue.911cha.com/1673.html
广东工业大学华立学院,https://daxue.911cha.com/1745.html
广州大学松田学院,https://daxue.911cha.com/1746.html
华南师范大学增城学院,https://daxue.911cha.com/1756.html
北京理工大学珠海学院,https://daxue.911cha.com/1764.html
吉林大学珠海学院,https://daxue.911cha.com/1773.html
广东文艺职业学院,https://daxue.911cha.com/1793.html
广州体育职业技术学院,https://daxue.911cha.com/1794.html
广州工程技术职业学院,https://daxue.911cha.com/1795.html
中山火炬职业技术学院,https://daxue.911cha.com/1796.html
江门职业技术学院,https://daxue.911cha.com/1797.html
茂名职业技术学院,https://daxue.911cha.com/1798.html
珠海城市职业技术学院,https://daxue.911cha.com/1799.html
广州工商职业技术学院,https://daxue.911cha.com/1800.html
广州涉外经济职业技术学院,https://daxue.911cha.com/1801.html
广州南洋理工职业学院,https://daxue.911cha.com/1802.html
广州科技职业技术学院,https://daxue.911cha.com/1803.html
惠州经济职业技术学院,https://daxue.911cha.com/1804.html
广东科技学院,https://daxue.911cha.com/1805.html
肇庆科技职业技术学院,https://daxue.911cha.com/1806.html
肇庆工商职业技术学院,https://daxue.911cha.com/1807.html
肇庆医学高等专科学校,https://daxue.911cha.com/1890.html
东莞理工学院城市学院,https://daxue.911cha.com/1912.html
广西大学,https://daxue.911cha.com/446.html
广西师范大学,https://daxue.911cha.com/454.html
广西医科大学,https://daxue.911cha.com/450.html
广西民族大学,https://daxue.911cha.com/460.html
桂林理工大学,https://daxue.911cha.com/449.html
桂林电子科技大学,https://daxue.911cha.com/448.html
广西中医药大学,https://daxue.911cha.com/452.html
广西师范学院,https://daxue.911cha.com/455.html
广西科技大学,https://daxue.911cha.com/447.html
桂林医学院,https://daxue.911cha.com/453.html
玉林师范学院,https://daxue.911cha.com/458.html
广西财经学院,https://daxue.911cha.com/811.html
贺州学院,https://daxue.911cha.com/886.html
钦州学院,https://daxue.911cha.com/823.html
广西民族师范学院,https://daxue.911cha.com/456.html
河池学院,https://daxue.911cha.com/457.html
桂林航天工业学院,https://daxue.911cha.com/877.html
右江民族医学院,https://daxue.911cha.com/451.html
百色学院,https://daxue.911cha.com/461.html
梧州学院,https://daxue.911cha.com/753.html
广西艺术学院,https://daxue.911cha.com/459.html
广西机电职业技术学院,https://daxue.911cha.com/633.html
广西体育高等专科学校,https://daxue.911cha.com/752.html
南宁职业技术学院,https://daxue.911cha.com/754.html
柳州师范高等专科学校,https://daxue.911cha.com/810.html
南宁学院,https://daxue.911cha.com/812.html
广西水利电力职业技术学院,https://daxue.911cha.com/824.html
桂林师范高等专科学校,https://daxue.911cha.com/846.html
广西职业技术学院,https://daxue.911cha.com/854.html
桂林旅游高等专科学校,https://daxue.911cha.com/885.html
柳州医学高等专科学校,https://daxue.911cha.com/925.html
柳州职业技术学院,https://daxue.911cha.com/931.html
广西生态工程职业技术学院,https://daxue.911cha.com/971.html
广西交通职业技术学院,https://daxue.911cha.com/976.html
广西工业职业技术学院,https://daxue.911cha.com/979.html
广西国际商务职业技术学院,https://daxue.911cha.com/982.html
广西农业职业技术学院,https://daxue.911cha.com/983.html
广西建设职业技术学院,https://daxue.911cha.com/1471.html
广西警官高等专科学校,https://daxue.911cha.com/1642.html
贵港职业学院,https://daxue.911cha.com/1643.html
广西现代职业技术学院,https://daxue.911cha.com/1644.html
北海职业学院,https://daxue.911cha.com/1645.html
北海艺术设计职业学院,https://daxue.911cha.com/1646.html
桂林山水职业学院,https://daxue.911cha.com/1647.html
广西大学行健文理学院,https://daxue.911cha.com/1727.html
广西科技大学鹿山学院,https://daxue.911cha.com/1728.html
广西民族大学相思湖学院,https://daxue.911cha.com/1729.html
广西师范大学漓江学院,https://daxue.911cha.com/1730.html
广西师范学院师园学院,https://daxue.911cha.com/1731.html
广西中医学院赛恩斯新医药学院,https://daxue.911cha.com/1732.html
桂林电子科技大学信息科技学院,https://daxue.911cha.com/1733.html
桂林理工大学博文管理学院,https://daxue.911cha.com/1734.html
广西经贸职业技术学院,https://daxue.911cha.com/1905.html
广西工商职业技术学院,https://daxue.911cha.com/1906.html
广西演艺职业学院,https://daxue.911cha.com/1907.html
广西外国语学院,https://daxue.911cha.com/1908.html
广西电力职业技术学院,https://daxue.911cha.com/1909.html
海南大学,https://daxue.911cha.com/443.html
海南师范大学,https://daxue.911cha.com/841.html
海南医学院,https://daxue.911cha.com/872.html
琼州学院,https://daxue.911cha.com/706.html
海南职业技术学院,https://daxue.911cha.com/897.html
海口经济学院,https://daxue.911cha.com/954.html
三亚城市职业学院,https://daxue.911cha.com/1129.html
海南软件职业技术学院,https://daxue.911cha.com/1674.html
海南政法职业学院,https://daxue.911cha.com/1675.html
海南外国语职业学院,https://daxue.911cha.com/1676.html
琼台师范高等专科学校,https://daxue.911cha.com/1891.html
海南经贸职业技术学院,https://daxue.911cha.com/1938.html
海南工商职业学院,https://daxue.911cha.com/1939.html
重庆大学,https://daxue.911cha.com/463.html
西南大学,https://daxue.911cha.com/481.html
西南政法大学,https://daxue.911cha.com/496.html
重庆医科大学,https://daxue.911cha.com/477.html
重庆邮电大学,https://daxue.911cha.com/468.html
重庆交通大学,https://daxue.911cha.com/469.html
重庆工商大学,https://daxue.911cha.com/864.html
重庆师范大学,https://daxue.911cha.com/483.html
重庆理工大学,https://daxue.911cha.com/842.html
四川外国语大学,https://daxue.911cha.com/494.html
重庆文理学院,https://daxue.911cha.com/488.html
重庆三峡学院,https://daxue.911cha.com/489.html
长江师范学院,https://daxue.911cha.com/492.html
重庆科技学院,https://daxue.911cha.com/813.html
重庆第二师范学院,https://daxue.911cha.com/1957.html
四川美术学院,https://daxue.911cha.com/499.html
重庆航天职业技术学院,https://daxue.911cha.com/636.html
重庆电力高等专科学校,https://daxue.911cha.com/894.html
重庆工业职业技术学院,https://daxue.911cha.com/940.html
重庆三峡职业学院,https://daxue.911cha.com/1065.html
重庆工贸职业技术学院,https://daxue.911cha.com/1066.html
重庆机电职业技术学院,https://daxue.911cha.com/1067.html
重庆正大软件职业技术学院,https://daxue.911cha.com/1068.html
重庆电子工程职业学院,https://daxue.911cha.com/1069.html
重庆海联职业技术学院,https://daxue.911cha.com/1165.html
重庆信息技术职业学院,https://daxue.911cha.com/1166.html
重庆传媒职业学院,https://daxue.911cha.com/1167.html
重庆警察学院,https://daxue.911cha.com/1168.html
重庆城市管理职业学院,https://daxue.911cha.com/1169.html
重庆工程职业技术学院,https://daxue.911cha.com/1170.html
重庆房地产职业学院,https://daxue.911cha.com/1228.html
重庆人文科技学院,https://daxue.911cha.com/1658.html
四川外语学院重庆南方翻译学院,https://daxue.911cha.com/1682.html
重庆师范大学涉外商贸学院,https://daxue.911cha.com/1683.html
重庆工商大学融智学院,https://daxue.911cha.com/1684.html
重庆工商大学派斯学院,https://daxue.911cha.com/1685.html
重庆邮电大学移通学院,https://daxue.911cha.com/1719.html
重庆城市职业学院,https://daxue.911cha.com/1816.html
重庆水利电力职业技术学院,https://daxue.911cha.com/1817.html
四川大学,https://daxue.911cha.com/462.html
电子科技大学,https://daxue.911cha.com/465.html
西南交通大学,https://daxue.911cha.com/464.html
西南财经大学,https://daxue.911cha.com/495.html
四川农业大学,https://daxue.911cha.com/475.html
成都理工大学,https://daxue.911cha.com/467.html
西南石油大学,https://daxue.911cha.com/466.html
四川师范大学,https://daxue.911cha.com/482.html
成都中医药大学,https://daxue.911cha.com/479.html
西南科技大学,https://daxue.911cha.com/470.html
西华大学,https://daxue.911cha.com/473.html
成都信息工程学院,https://daxue.911cha.com/471.html
西华师范大学,https://daxue.911cha.com/484.html
四川理工学院,https://daxue.911cha.com/472.html
西南民族大学,https://daxue.911cha.com/500.html
泸州医学院,https://daxue.911cha.com/478.html
成都学院,https://daxue.911cha.com/699.html
绵阳师范学院,https://daxue.911cha.com/485.html
宜宾学院,https://daxue.911cha.com/487.html
中国民用航空飞行学院,https://daxue.911cha.com/474.html
攀枝花学院,https://daxue.911cha.com/755.html
川北医学院,https://daxue.911cha.com/480.html
乐山师范学院,https://daxue.911cha.com/493.html
成都工业学院,https://daxue.911cha.com/713.html
内江师范学院,https://daxue.911cha.com/486.html
西昌学院,https://daxue.911cha.com/476.html
四川民族学院,https://daxue.911cha.com/843.html
四川旅游学院,https://daxue.911cha.com/814.html
成都师范学院,https://daxue.911cha.com/1960.html
成都医学院,https://daxue.911cha.com/1791.html
四川文理学院,https://daxue.911cha.com/490.html
阿坝师范高等专科学校,https://daxue.911cha.com/491.html
成都体育学院,https://daxue.911cha.com/497.html
四川音乐学院,https://daxue.911cha.com/498.html
成都纺织高等专科学校,https://daxue.911cha.com/815.html
民办四川天一学院,https://daxue.911cha.com/888.html
成都航空职业技术学院,https://daxue.911cha.com/922.html
四川电力职业技术学院,https://daxue.911cha.com/923.html
四川警察学院,https://daxue.911cha.com/937.html
成都职业技术学院,https://daxue.911cha.com/1077.html
成都东软学院,https://daxue.911cha.com/1078.html
四川化工职业技术学院,https://daxue.911cha.com/1079.html
四川水利职业技术学院,https://daxue.911cha.com/1080.html
南充职业技术学院,https://daxue.911cha.com/1081.html
内江职业技术学院,https://daxue.911cha.com/1082.html
四川航天职业技术学院,https://daxue.911cha.com/1083.html
四川邮电职业技术学院,https://daxue.911cha.com/1084.html
武警成都指挥学院,https://daxue.911cha.com/1085.html
四川机电职业技术学院,https://daxue.911cha.com/1162.html
绵阳职业技术学院,https://daxue.911cha.com/1164.html
四川交通职业技术学院,https://daxue.911cha.com/1171.html
四川工商职业技术学院,https://daxue.911cha.com/1172.html
四川工程职业技术学院,https://daxue.911cha.com/1173.html
四川建筑职业技术学院,https://daxue.911cha.com/1174.html
达州职业技术学院,https://daxue.911cha.com/1177.html
四川托普信息技术职业学院,https://daxue.911cha.com/1354.html
四川国际标榜职业学院,https://daxue.911cha.com/1355.html
成都农业科技职业学院,https://daxue.911cha.com/1356.html
宜宾职业技术学院,https://daxue.911cha.com/1357.html
泸州职业技术学院,https://daxue.911cha.com/1358.html
眉山职业技术学院,https://daxue.911cha.com/1359.html
成都艺术职业学院,https://daxue.911cha.com/1360.html
四川职业技术学院,https://daxue.911cha.com/1361.html
乐山职业技术学院,https://daxue.911cha.com/1419.html
雅安职业技术学院,https://daxue.911cha.com/1420.html
电子科技大学成都学院,https://daxue.911cha.com/1754.html
成都理工大学工程技术学院,https://daxue.911cha.com/1757.html
四川传媒学院,https://daxue.911cha.com/1758.html
成都信息工程学院银杏酒店管理学院,https://daxue.911cha.com/1759.html
四川师范大学文理学院,https://daxue.911cha.com/1760.html
四川师范大学成都学院,https://daxue.911cha.com/1761.html
四川外语学院成都学院,https://daxue.911cha.com/1762.html
四川商务职业学院,https://daxue.911cha.com/1892.html
四川司法警官职业学院,https://daxue.911cha.com/1893.html
广安职业技术学院,https://daxue.911cha.com/1894.html
四川信息职业技术学院,https://daxue.911cha.com/1895.html
四川工业管理职业学院,https://daxue.911cha.com/1896.html
贵州大学,https://daxue.911cha.com/501.html
贵州师范大学,https://daxue.911cha.com/505.html
贵阳医学院,https://daxue.911cha.com/502.html
贵州财经大学,https://daxue.911cha.com/513.html
遵义医学院,https://daxue.911cha.com/503.html
贵州民族大学,https://daxue.911cha.com/514.html
贵阳中医学院,https://daxue.911cha.com/504.html
贵州师范学院,https://daxue.911cha.com/1951.html
遵义师范学院,https://daxue.911cha.com/506.html
凯里学院,https://daxue.911cha.com/511.html
铜仁学院,https://daxue.911cha.com/507.html
贵阳学院,https://daxue.911cha.com/663.html
黔南民族师范学院,https://daxue.911cha.com/512.html
安顺学院,https://daxue.911cha.com/509.html
毕节学院,https://daxue.911cha.com/510.html
六盘水师范学院,https://daxue.911cha.com/664.html
兴义民族师范学院,https://daxue.911cha.com/508.html
贵州理工学院,https://daxue.911cha.com/1963.html
黔南民族医学高等专科学校,https://daxue.911cha.com/844.html
贵州商业高等专科学校,https://daxue.911cha.com/850.html
贵州警官职业学院,https://daxue.911cha.com/934.html
贵州交通职业技术学院,https://daxue.911cha.com/946.html
贵州航天职业技术学院,https://daxue.911cha.com/947.html
贵州电子信息职业技术学院,https://daxue.911cha.com/969.html
安顺职业技术学院,https://daxue.911cha.com/1229.html
黔东南民族职业技术学院,https://daxue.911cha.com/1230.html
黔南民族职业技术学院,https://daxue.911cha.com/1231.html
遵义职业技术学院,https://daxue.911cha.com/1232.html
贵州亚泰职业学院,https://daxue.911cha.com/1258.html
贵州工业职业技术学院,https://daxue.911cha.com/1421.html
贵州电力职业技术学院,https://daxue.911cha.com/1422.html
六盘水职业技术学院,https://daxue.911cha.com/1423.html
铜仁职业技术学院,https://daxue.911cha.com/1424.html
贵阳中医学院时珍学院,https://daxue.911cha.com/1736.html
贵州财经学院商务学院,https://daxue.911cha.com/1737.html
贵州大学科技学院,https://daxue.911cha.com/1738.html
贵州大学明德学院,https://daxue.911cha.com/1739.html
贵州民族学院人文科技学院,https://daxue.911cha.com/1740.html
贵州师范大学求是学院,https://daxue.911cha.com/1741.html
遵义医学院医学与科技学院,https://daxue.911cha.com/1742.html
贵阳医学院神奇民族医药学院,https://daxue.911cha.com/1765.html
黔西南民族职业技术学院,https://daxue.911cha.com/1897.html
贵州轻工职业技术学院,https://daxue.911cha.com/1898.html
云南大学,https://daxue.911cha.com/515.html
昆明理工大学,https://daxue.911cha.com/516.html
云南师范大学,https://daxue.911cha.com/522.html
云南农业大学,https://daxue.911cha.com/517.html
云南民族大学,https://daxue.911cha.com/530.html
昆明医科大学,https://daxue.911cha.com/519.html
云南财经大学,https://daxue.911cha.com/528.html
西南林业大学,https://daxue.911cha.com/518.html
云南中医学院,https://daxue.911cha.com/521.html
大理学院,https://daxue.911cha.com/520.html
曲靖师范学院,https://daxue.911cha.com/524.html
楚雄师范学院,https://daxue.911cha.com/757.html
玉溪师范学院,https://daxue.911cha.com/756.html
红河学院,https://daxue.911cha.com/527.html
昆明学院,https://daxue.911cha.com/759.html
保山学院,https://daxue.911cha.com/526.html
普洱学院,https://daxue.911cha.com/525.html
昭通学院,https://daxue.911cha.com/523.html
文山学院,https://daxue.911cha.com/816.html
云南艺术学院,https://daxue.911cha.com/529.html
云南警官学院,https://daxue.911cha.com/758.html
昆明冶金高等专科学校,https://daxue.911cha.com/817.html
云南国土资源职业学院,https://daxue.911cha.com/973.html
云南交通职业技术学院,https://daxue.911cha.com/977.html
昆明工业职业技术学院,https://daxue.911cha.com/987.html
云南农业职业技术学院,https://daxue.911cha.com/1024.html
云南司法警官职业学院,https://daxue.911cha.com/1025.html
云南医学高等专科学校,https://daxue.911cha.com/1026.html
云南文化艺术职业学院,https://daxue.911cha.com/1027.html
云南体育运动职业技术学院,https://daxue.911cha.com/1028.html
云南经济管理职业学院,https://daxue.911cha.com/1029.html
云南科技信息职业学院,https://daxue.911cha.com/1233.html
西双版纳职业技术学院,https://daxue.911cha.com/1234.html
昆明艺术职业学院,https://daxue.911cha.com/1259.html
玉溪农业职业技术学院,https://daxue.911cha.com/1362.html
云南能源职业技术学院,https://daxue.911cha.com/1469.html
云南大学滇池学院,https://daxue.911cha.com/1551.html
云南大学旅游文化学院,https://daxue.911cha.com/1552.html
昆明理工大学津桥学院,https://daxue.911cha.com/1553.html
云南师范大学商学院,https://daxue.911cha.com/1554.html
昆明医科大学海源学院,https://daxue.911cha.com/1555.html
云南艺术学院文华学院,https://daxue.911cha.com/1556.html
云南热带作物职业学院,https://daxue.911cha.com/1836.html
云南国防工业职业技术学院,https://daxue.911cha.com/1837.html
云南机电职业技术学院,https://daxue.911cha.com/1838.html
云南林业职业技术学院,https://daxue.911cha.com/1839.html
云南城市建设职业学院,https://daxue.911cha.com/1840.html
云南工程职业学院,https://daxue.911cha.com/1842.html
西藏大学,https://daxue.911cha.com/532.html
西藏民族学院,https://daxue.911cha.com/533.html
西藏藏医学院,https://daxue.911cha.com/534.html
西藏警官高等专科学校,https://daxue.911cha.com/531.html
西安交通大学,"https://daxue.911cha.com/536.html"" class=""inlink"
西北工业大学,"https://daxue.911cha.com/537.html"" class=""inlink"
西北大学,"https://daxue.911cha.com/535.html"" class=""inlink"
长安大学,"https://daxue.911cha.com/546.html"" class=""inlink"
西北农林科技大学,"https://daxue.911cha.com/547.html"" class=""inlink"
西安电子科技大学,"https://daxue.911cha.com/539.html"" class=""inlink"
陕西师范大学,"https://daxue.911cha.com/549.html"" class=""inlink"
西安建筑科技大学,"https://daxue.911cha.com/541.html"" class=""inlink"
西安理工大学,"https://daxue.911cha.com/538.html"" class=""inlink"
西安科技大学,"https://daxue.911cha.com/542.html"" class=""inlink"
陕西科技大学,"https://daxue.911cha.com/544.html"" class=""inlink"
西北政法大学,"https://daxue.911cha.com/556.html"" class=""inlink"
西安工业大学,"https://daxue.911cha.com/540.html"" class=""inlink"
西安石油大学,"https://daxue.911cha.com/543.html"" class=""inlink"
西安工程大学,"https://daxue.911cha.com/545.html"" class=""inlink"
西安外国语大学,"https://daxue.911cha.com/555.html"" class=""inlink"
延安大学,"https://daxue.911cha.com/550.html"" class=""inlink"
西安财经学院,"https://daxue.911cha.com/818.html"" class=""inlink"
西安邮电大学,"https://daxue.911cha.com/845.html"" class=""inlink"
陕西中医学院,"https://daxue.911cha.com/548.html"" class=""inlink"
咸阳师范学院,"https://daxue.911cha.com/553.html"" class=""inlink"
西安医学院,"https://daxue.911cha.com/887.html"" class=""inlink"
陕西理工学院,"https://daxue.911cha.com/551.html"" class=""inlink"
宝鸡文理学院,"https://daxue.911cha.com/552.html"" class=""inlink"
西安文理学院,"https://daxue.911cha.com/700.html"" class=""inlink"
渭南师范学院,"https://daxue.911cha.com/554.html"" class=""inlink"
商洛学院,"https://daxue.911cha.com/761.html"" class=""inlink"
榆林学院,"https://daxue.911cha.com/760.html"" class=""inlink"
西安航空学院,"https://daxue.911cha.com/852.html"" class=""inlink"
陕西学前师范学院,"https://daxue.911cha.com/1959.html"" class=""inlink"
安康学院,"https://daxue.911cha.com/762.html"" class=""inlink"
西安体育学院,"https://daxue.911cha.com/557.html"" class=""inlink"
西安音乐学院,"https://daxue.911cha.com/558.html"" class=""inlink"
西安美术学院,"https://daxue.911cha.com/559.html"" class=""inlink"
陕西工业职业技术学院,"https://daxue.911cha.com/601.html"" class=""inlink"
杨凌职业技术学院,"https://daxue.911cha.com/662.html"" class=""inlink"
西安培华学院,"https://daxue.911cha.com/763.html"" class=""inlink"
西安电力高等专科学校,"https://daxue.911cha.com/878.html"" class=""inlink"
陕西能源职业技术学院,"https://daxue.911cha.com/1016.html"" class=""inlink"
西安欧亚学院,"https://daxue.911cha.com/1124.html"" class=""inlink"
西安外事学院,"https://daxue.911cha.com/1125.html"" class=""inlink"
西安翻译学院,"https://daxue.911cha.com/1126.html"" class=""inlink"
西京学院,"https://daxue.911cha.com/1127.html"" class=""inlink"
陕西国防工业职业技术学院,"https://daxue.911cha.com/1235.html"" class=""inlink"
西安航空职业技术学院,"https://daxue.911cha.com/1236.html"" class=""inlink"
陕西财经职业技术学院,"https://daxue.911cha.com/1237.html"" class=""inlink"
陕西交通职业技术学院,"https://daxue.911cha.com/1238.html"" class=""inlink"
陕西职业技术学院,"https://daxue.911cha.com/1239.html"" class=""inlink"
西安思源学院,"https://daxue.911cha.com/1459.html"" class=""inlink"
西安高新科技职业学院,"https://daxue.911cha.com/1460.html"" class=""inlink"
陕西国际商贸学院,"https://daxue.911cha.com/1461.html"" class=""inlink"
西安城市建设职业学院,"https://daxue.911cha.com/1462.html"" class=""inlink"
陕西服装工程学院,"https://daxue.911cha.com/1463.html"" class=""inlink"
武警工程大学,"https://daxue.911cha.com/1464.html"" class=""inlink"
空军工程大学,"https://daxue.911cha.com/1465.html"" class=""inlink"
中国人民解放军西安通信学院,"https://daxue.911cha.com/1466.html"" class=""inlink"
第四军医大学,"https://daxue.911cha.com/1467.html"" class=""inlink"
西安陆军学院,"https://daxue.911cha.com/1468.html"" class=""inlink"
陕西铁路工程职业技术学院,"https://daxue.911cha.com/1667.html"" class=""inlink"
宝鸡职业技术学院,"https://daxue.911cha.com/1668.html"" class=""inlink"
陕西航空职业技术学院,"https://daxue.911cha.com/1669.html"" class=""inlink"
西安科技商贸职业学院,"https://daxue.911cha.com/1670.html"" class=""inlink"
陕西电子信息职业技术学院,"https://daxue.911cha.com/1671.html"" class=""inlink"
西安交通大学城市学院,"https://daxue.911cha.com/1766.html"" class=""inlink"
西北大学现代学院,"https://daxue.911cha.com/1767.html"" class=""inlink"
西安建筑科技大学华清学院,"https://daxue.911cha.com/1768.html"" class=""inlink"
西安财经学院行知学院,"https://daxue.911cha.com/1769.html"" class=""inlink"
陕西科技大学镐京学院,"https://daxue.911cha.com/1770.html"" class=""inlink"
西安工业大学北方信息工程学院,"https://daxue.911cha.com/1771.html"" class=""inlink"
延安大学西安创新学院,"https://daxue.911cha.com/1772.html"" class=""inlink"
西安电子科技大学长安学院,"https://daxue.911cha.com/1774.html"" class=""inlink"
陕西邮电职业技术学院,"https://daxue.911cha.com/1818.html"" class=""inlink"
西安海棠职业学院,"https://daxue.911cha.com/1819.html"" class=""inlink"
西安汽车科技职业学院,"https://daxue.911cha.com/1820.html"" class=""inlink"
西安东方亚太职业技术学院,"https://daxue.911cha.com/1821.html"" class=""inlink"
陕西警官职业学院,"https://daxue.911cha.com/1899.html"" class=""inlink"
兰州大学,https://daxue.911cha.com/560.html
西北师范大学,https://daxue.911cha.com/565.html
兰州理工大学,https://daxue.911cha.com/561.html
兰州交通大学,https://daxue.911cha.com/562.html
甘肃农业大学,https://daxue.911cha.com/563.html
西北民族大学,https://daxue.911cha.com/571.html
甘肃政法学院,https://daxue.911cha.com/1950.html
兰州商学院,https://daxue.911cha.com/570.html
甘肃中医学院,https://daxue.911cha.com/564.html
天水师范学院,https://daxue.911cha.com/568.html
河西学院,https://daxue.911cha.com/569.html
甘肃民族师范学院,https://daxue.911cha.com/819.html
陇东学院,https://daxue.911cha.com/567.html
兰州城市学院,https://daxue.911cha.com/566.html
兰州文理学院,https://daxue.911cha.com/820.html
兰州工业学院,https://daxue.911cha.com/869.html
兰州石化职业技术学院,https://daxue.911cha.com/609.html
平凉医学高等专科学校,https://daxue.911cha.com/867.html
陇南师范高等专科学校,https://daxue.911cha.com/868.html
定西师范高等专科学校,https://daxue.911cha.com/870.html
张掖医学高等专科学校,https://daxue.911cha.com/871.html
甘肃建筑职业技术学院,https://daxue.911cha.com/1017.html
酒泉职业技术学院,https://daxue.911cha.com/1021.html
兰州外语职业学院,https://daxue.911cha.com/1240.html
兰州职业技术学院,https://daxue.911cha.com/1241.html
甘肃警察职业学院,https://daxue.911cha.com/1242.html
甘肃林业职业技术学院,https://daxue.911cha.com/1243.html
甘肃工业职业技术学院,https://daxue.911cha.com/1244.html
西北师范大学知行学院,https://daxue.911cha.com/1635.html
兰州商学院陇桥学院,https://daxue.911cha.com/1636.html
兰州商学院长青学院,https://daxue.911cha.com/1637.html
兰州交通大学博文学院,https://daxue.911cha.com/1638.html
兰州理工大学技术工程学院,https://daxue.911cha.com/1639.html
武威职业学院,https://daxue.911cha.com/1640.html
甘肃交通职业技术学院,https://daxue.911cha.com/1641.html
青海大学,https://daxue.911cha.com/572.html
青海民族大学,https://daxue.911cha.com/574.html
青海师范大学,https://daxue.911cha.com/573.html
青海卫生职业技术学院,https://daxue.911cha.com/1031.html
青海警官职业学院,https://daxue.911cha.com/1260.html
青海畜牧兽医职业技术学院,https://daxue.911cha.com/1363.html
青海交通职业技术学院,https://daxue.911cha.com/1364.html
青海建筑职业技术学院,https://daxue.911cha.com/1365.html
青海大学昆仑学院,https://daxue.911cha.com/1763.html
宁夏大学,https://daxue.911cha.com/575.html
宁夏医科大学,https://daxue.911cha.com/576.html
北方民族大学,https://daxue.911cha.com/764.html
宁夏师范学院,https://daxue.911cha.com/577.html
宁夏理工学院,https://daxue.911cha.com/1023.html
宁夏民族职业技术学院,https://daxue.911cha.com/1128.html
宁夏工业职业学院,https://daxue.911cha.com/1245.html
宁夏职业技术学院,https://daxue.911cha.com/1439.html
宁夏工商职业技术学院,https://daxue.911cha.com/1440.html
宁夏财经职业技术学院,https://daxue.911cha.com/1441.html
宁夏司法警官职业学院,https://daxue.911cha.com/1442.html
宁夏建设职业技术学院,https://daxue.911cha.com/1472.html
宁夏大学新华学院,https://daxue.911cha.com/1550.html
银川能源学院,https://daxue.911cha.com/1900.html
新疆大学,https://daxue.911cha.com/578.html
石河子大学,https://daxue.911cha.com/581.html
新疆农业大学,https://daxue.911cha.com/580.html
新疆医科大学,https://daxue.911cha.com/582.html
新疆师范大学,https://daxue.911cha.com/583.html
塔里木大学,https://daxue.911cha.com/579.html
喀什师范学院,https://daxue.911cha.com/584.html
新疆财经大学,https://daxue.911cha.com/587.html
伊犁师范学院,https://daxue.911cha.com/585.html
昌吉学院,https://daxue.911cha.com/667.html
新疆工程学院,https://daxue.911cha.com/665.html
和田师范专科学校,https://daxue.911cha.com/586.html
新疆艺术学院,https://daxue.911cha.com/588.html
新疆农业职业技术学院,https://daxue.911cha.com/666.html
乌鲁木齐职业大学,https://daxue.911cha.com/821.html
新疆维吾尔医学专科学校,https://daxue.911cha.com/873.html
克拉玛依职业技术学院,https://daxue.911cha.com/1007.html
新疆机电职业技术学院,https://daxue.911cha.com/1018.html
新疆轻工职业技术学院,https://daxue.911cha.com/1019.html
新疆警官高等专科学校,https://daxue.911cha.com/1145.html
昌吉职业技术学院,https://daxue.911cha.com/1246.html
伊犁职业技术学院,https://daxue.911cha.com/1366.html
阿克苏职业技术学院,https://daxue.911cha.com/1443.html
巴音郭楞职业技术学院,https://daxue.911cha.com/1444.html
新疆大学科学技术学院,https://daxue.911cha.com/1659.html
新疆农业大学科学技术学院,https://daxue.911cha.com/1660.html
新疆医科大学厚博学院,https://daxue.911cha.com/1661.html
新疆财经大学商务学院,https://daxue.911cha.com/1662.html
新疆建设职业技术学院,https://daxue.911cha.com/1663.html
新疆兵团警官高等专科学校,https://daxue.911cha.com/1664.html
石河子大学科技学院,https://daxue.911cha.com/1720.html
新疆现代职业技术学院,https://daxue.911cha.com/1808.html
新疆天山职业技术学院,https://daxue.911cha.com/1809.html
香港大学,https://daxue.911cha.com/1945.html
香港中文大学,https://daxue.911cha.com/1946.html
香港理工大学,https://daxue.911cha.com/1947.html
香港科技大学,https://daxue.911cha.com/1948.html
香港城市大学,https://daxue.911cha.com/1949.html
